{"version":"963301ba0beb1ed6d22f563c74e4910a","launch_path":"http:\/\/m.youku.com\/","match":[{"domain":"youku.com","rule":".*youku\\.com"},{"domain":"youku.com","rule":["www","h5","m","m.vip","live","tv","movie","zy","music","comic","child","news","ent","jilupian"]},{"domain":"youku.com","rule":[".*\\\/v\\_show|video\\\/id_.*"]}],"statusbar":{"immersed":false},"global":{"webviewParameter":{"statusbar":{"immersed":false},"titleNView":{"backgroundColor":"#fff","titleColor":"#5e5e5e","titleSize":"17px","borderColor":"#eaeaea"},"appendCss":"body{height:100px;}#fullpromotion{display:none!important;}"},"easyConfig":{}},"pages":[{"webviewId":"__W2A__www.youku.com","matchUrls":[{"href":["^http\\:\\\/\\\/www\\.youku\\.com$"]},{"href":["^http\\:\\\/\\\/www\\.youku\\.com\\\/$"]},{"hostname":["^www\\.youku\\.com$"],"pathname":["^\\\/$"]},{"hostname":["^m\\.youku\\.com$","^youku\\.com$","^www\\.youku\\.com$"],"pathname":["^\\\/?$","^\\\/$"]}],"webviewParameter":{"titleNView":false,"appendCss":" #fullpromotion,header,div[data-spm='2781352'],.x_sidepanel_p,#Hold,#J_banner,.brief-btn-wrap,#Recommend,.cmt-more.clearfix,.yk-footer,#AdsPlace,#YKComment,#Bigdrama,.x-advert-detail{display:none!important;} #wrap{padding-top:0!important;}#wrapAll{padding-top: 120px;}"}},{"webviewId":"pages\/video\/video","matchUrls":[{"hostname":["m|www\\.youku\\.com"],"pathname":["^\\\/video\\\/id\\_.*","^\\\/v\\_show.*"]}],"webviewParameter":{"subNView":"","titleNView":{"type":"transparent","buttons":[{"text":"\ue602","float":"right","fontSize":"27px","fontSrc":"__wap2app.ttf","onclick":"javascript:var viedeo = plus.webview.getWebviewById('pages\/video\/video');viedeo && viedeo.evalJS('wap2app.openShare();');"}]},"appendJs":"_www\/js\/video_zhida.js","subNViews":"pages\/video\/video.nview"},"easyConfig":{}},{"webviewId":"pages\/vip\/open","matchUrls":[{"hostname":["^h5\\.vip\\.youku\\.com$"],"pathname":["^\\\/buy$"]},{"hostname":["^pay\\.youku\\.com$"],"pathname":["^\\\/mobile\\\/products\\.html$","^\\\/buy\\\/products\\.html$","^\\\/buy\\\/confirm\\.html$","^\\\/buy\\\/vip\\.html$","^\\\/mobile\\\/order\\.html$"]},{"hostname":["^cps\\.youku\\.com$"],"pathname":["^\\\/redirect\\.html$"]}],"webviewParameter":{"titleNView":{"titleText":true},"appendCss":"header,.vip-button,#YT-wap-header,#YT-thirdParyBody,.YT-login-other,li[data-channel='h5_weixin']{display:none!important;}"}},{"webviewId":"pages\/vip\/order","matchUrls":[{"hostname":["^m\\.vip\\.youku\\.com$"],"pathname":["^\\\/$"],"search":[".*trade\\_list",".*trade\\_detail"]}],"webviewParameter":{"titleNView":{"titleText":true},"appendCss":"header{display:none!important;}"},"easyConfig":{"back":{"history":true}}},{"webviewId":"pages\/vip\/privilege","matchUrls":[{"hostname":["^h5\\.vip\\.youku\\.com$"],"pathname":["^\\\/privilege_detail$"]}],"webviewParameter":{"titleNView":{"titleText":"\u4f1a\u5458\u7279\u6743"},"appendCss":"header{display:none!important;}"}},{"webviewId":"pages\/vip\/other","matchUrls":[{"hostname":["^pay\\.youku\\.com$"],"pathname":["^\\\/h5\\\/agreement\\.html$"]},{"hostname":["^svip\\.youku\\.com$"],"pathname":["^\\\/trade\\\/subscribeagreement$","^\\\/trade\\\/faqanswer$"]},{"hostname":["^zhifu\\.youku\\.com$"],"pathname":["^\\\/static-resources\\\/wapserver\\.html$"]}],"webviewParameter":{"titleNView":{"titleText":true},"appendCss":"header,.wap-header{display:none!important;}"}},{"webviewId":"pages\/vip\/pay_result","matchUrls":[{"hostname":["^h5\\.vip\\.youku\\.com$"],"pathname":["^\\\/pay_result$"]}],"webviewParameter":{"titleNView":{"titleText":true},"appendCss":"header{display:none!important;}"}},{"webviewId":"pages\/video\/search","matchUrls":[{"hostname":["soku\\.com"],"pathname":["^\\\/m\\\/y\\\/video$","\\\/search\\_video\\\/\\S+"]}],"webviewParameter":{"titleNView":{"titleText":"\u641c\u5e93"},"appendCss":".yk-footer,#btn-feedback,.m_recomr{display:none!important;} .yk_result{margin-bottom:0!important;} #btn-gotop{margin-top:40px!important;}"}},{"webviewId":"pages\/user\/feedback","matchUrls":[{"hostname":["^csc\\.youku\\.com$"],"pathname":["^\\\/feedback-web\\\/index\\.html$"]}],"webviewParameter":{"titleNView":{"titleText":true},"appendCss":"#head{display:none!important;} #body{top:0!important;}"}},{"webviewId":"pages\/user\/feedbackDetail","matchUrls":[{"hostname":["^csc\\.youku\\.com$"],"pathname":["^\\\/feedback-web\\\/helph5\\\/index\\.html$","^\\\/feedback-web\\\/help\\\/index\\.html$"]}],"webviewParameter":{"titleNView":{"titleText":true},"appendCss":"#head{display:none!important;} #body,#div_content{top:0!important;}"}},{"webviewId":"pages\/user\/login","matchUrls":[{"hostname":["^account\\.youku\\.com$"],"pathname":["^\\\/wap\\\/login\\.htm$","^\\\/$","^\\\/wap\\\/register\\.htm$","^\\\/logoutAll\\.htm$"]},{"hostname":["^i\\.youku\\.com$"],"pathname":["^\\\/u\\\/profile\\\/$","^\\\/i\\\/profile$","^\\\/i\\\/h5\\\/profile$"]},{"hostname":["^h5\\.vip\\.youku\\.com$"],"pathname":["^\\\/active_card$"]},{"hostname":["^m\\.vip\\.youku\\.com$"],"pathname":["^\\\/index\\.php$"],"search":[".*vipcard"]}],"webviewParameter":{"titleNView":{"titleText":true},"appendCss":"#pt-header,.yk-header,.wap-header,#authcenter-nav-wraper,.authcenter-foot,.ui-form-other,.qrcode-footer-help,.other-link,#wrapAll header,aside.aside,.other-link,.f-lefn{display:none!important;} .authcenter-body{padding:0!important;} "}},{"webviewId":"pages\/user\/getmima","matchUrls":[{"hostname":["^id\\.youku\\.com$"],"pathname":["^\\\/resetPwdView\\.htm$"]}],"webviewParameter":{"appendCss":"header{display:none!important;}"}},{"webviewId":"pages\/user\/yanzheng","matchUrls":[{"hostname":["^account\\.youku\\.com$"],"pathname":["^\\\/passport\\\/bindMobileView\\.htm$"]}],"webviewParameter":{"appendCss":"#YT-wap-header{display:none!important;}"}},{"webviewId":"pages\/user\/other","matchUrls":[{"hostname":["^i\\.youku\\.com$"],"pathname":["^\\\/u\\\/\\S+"]}],"webviewParameter":{"titleNView":{"titleText":true},"appendCss":"#pt-header,.yk-header,.wap-header,#authcenter-nav-wraper,.authcenter-foot,.ui-form-other,.qrcode-footer-help,.other-link{display:none!important;} .authcenter-body{padding:0!important;} #login_frame{height:"}},{"webviewId":"pages\/vip\/payList","matchUrls":[{"hostname":["^zhifu\\.youku\\.com$"],"pathname":["^\\\/trade\\\/tradeView\\.htm$","^\\\/wap\\\/trade\\\/tradeView\\.htm$","^\\\/api\\\/payconfirm\\.htm$"]}],"webviewParameter":{"titleNView":{"titleText":true},"appendCss":"#pay-box,#quickpay-box,#mobile-value{margin-top:-44px!important;} #midPop{display:none!important;}"},"easyConfig":{"back":{"before":[{"popupSelector":".pt-page.pt-page-current","closeSelector":".pt-page.pt-page-current .go-back","eventType":"click"}]}}},{"webviewId":"pages\/vip\/pay","matchUrls":[{"hostname":["openapi\\.alipay\\.com","^wappaygw\\.alipay\\.com$"],"pathname":["^\\\/gateway\\.do","^\\\/service\\\/rest\\.htm$"]},{"hostname":["mclient\\.alipay\\.com"],"pathname":["^\\\/h5Continue\\.htm","\\\/h5\\\/loginIdPwdToLogin\\.htm"]},{"hostname":["^wx\\.tenpay\\.com$"],"pathname":["^\\\/cgi-bin\\\/mmpayweb-bin\\\/checkmweb$"]}],"webviewParameter":{"titleNView":{"titleText":true},"appendCss":".footer,#footerApp,header,.fn-right{display:none!important;}"},"easyConfig":{"back":{"history":false}}},{"webviewId":"common","matchUrls":[{"href":[".*"]}]}]}