{"launch_path":"https:\/\/msecure.elong.com\/login\/appembedded\/shuzih5","match":[{"domain":"elong.com","rule":".*"}],"global":{"webviewParameter":{"appendCss":".tool,.search-app,.downloadBar{display:none !important}"}},"pages":[{"webviewId":"__W2A__m.elong.com","matchUrls":[{"pathname":["^\\\/?$","^\\\/hotel\\\/nsearch$"]}],"webviewParameter":{"appendCss":""}},{"webviewId":"pages\/simple\/list","matchUrls":[{"pathname":["^\\\/hotelfx\\\/beijing\\\/$","^\\\/hotelfx\\\/shanghai\\\/$","^\\\/hotelfx\\\/guangzhou\\\/$","^\\\/hotelfx\\\/shenzhen\\\/$","^\\\/hotelfx\\\/hongkong\\\/$","^\\\/hotelfx\\\/hangzhou\\\/$","^\\\/hotelfx\\\/soochow\\\/$","^\\\/hotelfx\\\/ningbo\\\/$","^\\\/hotelfx\\\/nanjing\\\/$","^\\\/hotelfx\\\/sanya\\\/$","^\\\/hotelfx\\\/[0-9]+\\\/nlist"]}],"webviewParameter":{"subNViews":"pages\/simple\/common.nview"}},{"webviewId":"favorites","matchUrls":[{"pathname":["^\\\/my\\\/hotel\\\/favorites\\\/$"]}],"webviewParameter":{"subNViews":"pages\/simple\/common.nview"}},{"webviewId":"map","matchUrls":[{"pathname":["^\\\/hotelfx\\\/[0-9]+\\\/map"]}]},{"webviewId":"pages\/simple\/detail","matchUrls":[{"pathname":["^\\\/hotelfx\\\/[0-9]+\\\/?$"]}],"webviewParameter":{"titleNView":{"type":"transparent","titleText":"\u9152\u5e97\u8be6\u60c5","autoBackButton":true,"buttons":[{"float":"right","fontSrc":"_www\/fonts\/iconfont.ttf","fontSize":"20px","text":"\ue604","onclick":"javascript:plus.webview.getWebviewById('pages\/simple\/detail').evalJS(\"var pullright = document.querySelector('.icon.pull-right');if(pullright){pullright.click();}\")"}],"titleColor":"#444","backgroundColor":"#fcfcfc"},"appendCss":".icon.pull-left,.icon.pull-right{display:none!important}"}},{"webviewId":"pages\/login\/login","matchUrls":[{"pathname":["^\\\/login\\\/?$","^\\\/Login$"]}]},{"webviewId":"pages\/simple\/account","matchUrls":[{"pathname":["^\\\/my\\\/account\\\/index\\\/?$"]}],"webviewParameter":{"subNViews":"pages\/simple\/account.nview"}},{"webviewId":"orderlist","matchUrls":[{"pathname":["^\\\/hotelfx\\\/orderlist\\\/?$"]}],"webviewParameter":{"subNViews":"pages\/simple\/common.nview"}},{"webviewId":"pages\/simple\/hotellist","matchUrls":[{"pathname":["^\\\/hotel\\\/orderlist$","^\\\/ihotel\\\/OrderList$","^\\\/ihotel\\\/orderList\\.html$","^\\\/train\\\/orderlist$","^\\\/bus\\\/orderlist$","^\\\/flight\\\/orderlist$","^\\\/minsu\\\/$"]}],"easyConfig":{"back":{"history":false}}},{"webviewId":"customerlist","matchUrls":[{"pathname":["^\\\/my\\\/account\\\/customerlist\\\/?$","^\\\/my\\\/account\\\/addresslist\\\/$"]}]},{"webviewId":"imall","matchUrls":[{"pathname":["^\\\/imall\\\/$","^\\\/my\\\/account\\\/customerlist$","^\\\/my\\\/account\\\/addresslist\\\/$"]}]},{"webviewId":"imalldetail","matchUrls":[{"pathname":["^\\\/imall\\\/goods\\\/detail$"]}]},{"webviewId":"pages\/simple\/orderdetail","matchUrls":[{"pathname":["^\\\/hotelfx\\\/orderdetail\\\/[0-9]+"]}]},{"webviewId":"hotelfxphoto","matchUrls":[{"pathname":["^\\\/hotelfx\\\/[0-9]+\\\/photo"]}]},{"webviewId":"hotelfxreview","matchUrls":[{"pathname":["^\\\/hotelfx\\\/[0-9]+\\\/review"]}],"webviewParameter":{"subNViews":"pages\/simple\/common.nview"}},{"webviewId":"pages\/simple\/createorder","matchUrls":[{"pathname":["^\\\/hotelfx\\\/createorder\\\/?$"]}],"webviewParameter":{"subNViews":"pages\/simple\/common.nview"}},{"webviewId":"pages\/pay\/payment","matchUrls":[{"pathname":["^\\\/payment\\\/initpaymode$"]}],"webviewParameter":{"subNViews":"pages\/simple\/pay.nview"}},{"webviewId":"common","matchUrls":[{"pathname":[".*"]}],"webviewParameter":{}}],"version":"485ffa6f977eee7e93d5e4eac650642b"}