{"launch_path":"http:\/\/m.zhangyue.com\/","match":[{"domain":"zhangyue.com","rule":["","www","m"]}],"global":{"webviewParameter":{"titleNView":{"autoBackButton":true,"backgroundColor":"#ffffff","titleColor":"#222222","borderColor":"#f3f3f3"},"appendCss":".header_wrap{display:none !important;}"}},"pages":[{"webviewId":"__W2A__m.ireader.com","matchUrls":[{"href":["^http\\:\\\/\\\/m\\.zhangyue\\.com$"]},{"href":["^http\\:\\\/\\\/m\\.zhangyue\\.com\\\/$"]},{"pathname":["^\\\/?$"]}],"webviewParameter":{"titleNView":false,"appendCss":".nav.flexdiv .flex_item:last-child,\r\ndiv.ownership,\r\n.newgift {\r\n    display: none !important;\r\n}"}},{"webviewId":"category","matchUrls":[{"pathname":["^\\\/category\\\/([0-9]+\\\/[0-9]+\\\/)?$"]}],"webviewParameter":{"titleNView":false,"appendCss":""}},{"webviewId":"search","matchUrls":[{"pathname":["^\\\/search$"]}],"webviewParameter":{"appendCss":"div.header .icon_back{display:none !important;}"}},{"webviewId":"detail","matchUrls":[{"pathname":["^\\\/detail\\\/[0-9]+\\\/?$"]}],"webviewParameter":{"titleNView":{"buttons":[{"text":"\ue602","float":"right","fontSize":"27px","fontSrc":"_www\/__wap2app.ttf","onclick":"javascript:plus.webview.getWebviewById('detail').evalJS('wap2app.openShare()')"}]},"appendCss":".header_wrap{display:none !important;}"},"easyConfig":{"back":{"history":false}}},{"webviewId":"book","matchUrls":[{"hostname":["^wap\\.yc\\.ireader\\.com\\.cn$"],"pathname":["^\\\/book\\\/[0-9]+\\\/?$"]}],"webviewParameter":{"titleNView":{"backgroundColor":"#f26552"},"appendCss":"header,footer{display:none !important;}"}},{"webviewId":"login","matchUrls":[{"pathname":["^\\\/login$"]}]},{"webviewId":"auth","matchUrls":[{"pathname":["^\\\/authorization\\\/callback\\\/$"]}]},{"webviewId":"readbook","matchUrls":[{"pathname":["^\\\/readbook\\\/[0-9]+\\\/[0-9]+"]}]},{"webviewId":"chapter","matchUrls":[{"pathname":["^\/chapter\\\/[0-9]+"]}],"webviewParameter":{"titleNView":{"titleText":"\u4e66\u7c4d\u76ee\u5f55"}}},{"webviewId":"comment","matchUrls":[{"pathname":["^\\\/comment\\\/[0-9]+"]}],"webviewParameter":{"titleNView":{"titleText":"\u8bc4\u8bba"}}},{"webviewId":"free","matchUrls":[{"pathname":["^\\\/free\\\/$"]}],"webviewParameter":{"titleNView":{"titleText":"\u9650\u65f6\u514d\u8d39"},"appendCss":"div.header .icon_back,div.header .icon_home{display:none !important;}"}},{"webviewId":"rank_list","matchUrls":[{"pathname":["^\\\/rank\\\/list\\\/[0-9]+"]}]},{"webviewId":"user","matchUrls":[{"pathname":["^\\\/user$"]}],"webviewParameter":{"titleNView":{"titleText":"\u4e2a\u4eba\u4e2d\u5fc3"},"appendCss":"div.header{display:none !important;}.usr{height:auto !important;}"}},{"webviewId":"recharge","matchUrls":[{"pathname":["^\\\/recharge\\\/user\\\/.*"]}],"webviewParameter":{"titleNView":{"titleText":"\u5145\u503c\u4e2d\u5fc3"}}},{"webviewId":"record","matchUrls":[{"pathname":["^\\\/record\\\/$"]}],"webviewParameter":{"titleNView":{"titleText":"\u5145\u503c\u8bb0\u5f55"}}},{"webviewId":"history","matchUrls":[{"pathname":["^\\\/user\\\/history\\\/$"]},{"pathname":["^\\\/user\\\/shelf\\\/$"]}],"webviewParameter":{"titleNView":{"titleText":"\u4e66\u67b6"},"appendCss":".header_wrap{display:none !important;}"}},{"webviewId":"buy_record","matchUrls":[{"pathname":["^\\\/$"],"search":["User\\.BuyRecord"]}],"webviewParameter":{"titleNView":{"titleText":"\u8d2d\u4e66\u8bb0\u5f55"}}},{"webviewId":"help","matchUrls":[{"pathname":["^\\\/help$"]}],"webviewParameter":{"titleNView":{"titleText":"\u5e2e\u52a9\u4e2d\u5fc3"}}},{"webviewId":"alipay","matchUrls":[{"hostname":["\\.alipay\\.com"],"pathname":["^\\\/service\\\/rest\\.htm$"]}],"webviewParameter":{"titleNView":{"titleText":"\u5145\u503c"},"appendCss":"header.am-header{display:none !important;}"}},{"webviewId":"pay_finish","matchUrls":[{"pathname":["finish\\\/.*\\\/alipay"]}],"webviewParameter":{"titleNView":{"titleText":"\u652f\u4ed8\u6210\u529f"}}}],"version":"1ec68a3d57e660336d3128e5e6d4abcf"}