{"version":"cdb73bd130237a6122cd8d3e095c49b9","launch_path":"http:\/\/m.dangdang.com\/","match":[{"domain":"dangdang.com","rule":".*"}],"statusbar":{"immersed":false},"global":{"webviewParameter":{"statusbar":{"immersed":false},"titleNView":{"autoBackButton":true,"backgroundColor":"#FFFFFF","titleColor":"#000000","borderColor":"#ccc"},"appendCss":"header,.inddapp_banner.dbbg,#ebook_down_a,.footer{display:none!important}"},"easyConfig":{"back":{"history":false}}},"pages":[{"webviewId":"__W2A__m.dangdang.com","matchUrls":[{"hostname":["^dangdang\\.com$","^m\\.dangdang\\.com$","^www\\.dangdang\\.com$"],"pathname":["^\\\/?$","^\\\/$"]},{"hostname":["^(m|www)\\.dangdang\\.com"],"pathname":["^\\\/?$","^\\\/touch\\\/"]}],"webviewParameter":{"titleNView":false,"appendCss":"#search{position: fixed;left: 0px;top: 0px;z-index: 99;}.app-download-wrapper,[dd_name='\u5f53\u5f53\u4e0b\u8f7d'],.ddapp-wrapper,footer,.banner[ddt-area='226537']{display: none!important;}.footer_nav_a{width: 25%!important;}body{padding-top: 1.833rem;}"}},{"webviewId":"ddcategory","matchUrls":[{"pathname":["^\\\/ddcategory\\.php"]}],"webviewParameter":{"titleNView":{"titleText":"\u5206\u7c7b"},"appendCss":".search_header{display:none!important}"}},{"webviewId":"pages\/cart\/cart","matchUrls":[{"pathname":["^\\\/cart\\.php"]}],"webviewParameter":{"subNViews":"pages\/cart\/cart.nview","titleNView":false,"appendCss":".menu{display:none!important}"}},{"webviewId":"pages\/user\/user","matchUrls":[{"hostname":["home\\.m\\.dangdang\\.com"],"pathname":["^\\\/?$"]}],"webviewParameter":{"titleNView":{"titleText":"\u6211\u7684\u5f53\u5f53"},"appendCss":".public-head-block,header.header,.copyright,.b-nav,#j_newRecPrds{display:none!important} .footer{padding-bottom:0!important;}"}},{"webviewId":"pages\/login\/login","matchUrls":[{"pathname":["^\\\/login\\.php","^\\\/login_third\\.php"]},{"hostname":["memberexprod\\.alipay\\.com"],"pathname":["^\\\/home\\\/authExterfaceAssign\\.htm"]},{"hostname":["xui\\.ptlogin2\\.qq\\.com"],"pathname":["^\\\/cgi\\-bin\\\/xlogin"]}],"webviewParameter":{"appendCss":"header.header,aside.logins,#J-qrcode-target,#J-authcenter-foot,.ui-form-other,.textlink.forgot,#authcenter-nav-wraper{display:none!important}"},"easyConfig":{"back":{"history":true},"overrideUrlLoading":{"redirect":{"defaultUrl":"http:\/\/home.m.dangdang.com\/","paramName":{"url":"burl"}}}}},{"webviewId":"pages\/list\/seckill","matchUrls":[{"pathname":["^\\\/seckill\\.php"]}],"webviewParameter":{"titleNView":{"titleText":"\u79d2\u6740"},"appendCss":"header{display:none!important}"}},{"webviewId":"pages\/search\/search","matchUrls":[{"hostname":["search\\.m\\.dangdang\\.com"],"pathname":["^\\\/search\\.php","^\\\/category\\.php"]}],"webviewParameter":{"subNViews":"pages\/search\/search.nview","titleNView":false,"appendCss":".header.search,#nav{display:block!important;}"}},{"webviewId":"pages\/shop\/shop","matchUrls":[{"hostname":["shop\\.m\\.dangdang\\.com"],"pathname":["^\\\/[0-9]+\\.html","^ddshop\\\\\\.php$"]}],"webviewParameter":{"titleNView":{"titleText":true},"appendCss":".footer,header,.__wap2app_fixed_placeholder,.download_banner.dbbg,.inddapp_banner.dbbg,#j_total li:nth-child(3){display:none!important;} .bottom_menu ul li{width:50%!important;} "}},{"webviewId":"pages\/shop\/shopList","matchUrls":[{"hostname":["shop\\.m\\.dangdang\\.com"],"pathname":["^\\\/shop\\.php"]}],"webviewParameter":{"titleNView":{"titleText":true},"appendCss":".footer,header,.__wap2app_fixed_placeholder,.download_banner.dbbg,.inddapp_banner.dbbg{display:none!important;}.filter{top:0!important;}.empty_list{box-shadow: none!important;;} .list_content{padding-top:2.3rem!important;}"}},{"webviewId":"pages\/list\/read","matchUrls":[{"href":["touch\\.m\\.dangdang\\.com\\\/topics\\.php\\?page\\_id\\=130964|130956","\\\/\\\/e\\.dangdang\\.com.*"]}],"easyConfig":{"back":{"history":true}},"webviewParameter":{"titleNView":{"titleText":"\u5f53\u5f53\u8bfb\u4e66","progress":{"color":"#ff4e4e"},"buttons":[{"text":"\ue605","float":"right","fontSize":"27px","fontSrc":"__wap2app.ttf","onclick":"javascript:var read = plus.webview.getWebviewById('pages\/list\/read');read && read.close();"}]},"appendCss":"#publicHeadBar,.downloadContent,#j_ddapp,header.header,.inddapp_banner.dbbg,#showShare,.download,.topCon .goBack{display:none !important} .nav_links_area{border-top:none!important} #slider,#book{margin-top:0px !important} body{padding-top:0!important;} body[style*='padding-top: 44px !important;']{margin-top:-44px!important;} .nav_links{margin-top:-44px !important}"}},{"webviewId":"pages\/list\/paimai","matchUrls":[{"href":["touch\\.m\\.dangdang\\.com\\\/auction\\.php.*","home\\.m\\.dangdang\\.com\\\/auction\\.php.*"]}],"easyConfig":{"back":{"history":true}},"webviewParameter":{"titleNView":{"titleText":true,"progress":{"color":"#ff4e4e"},"buttons":[{"text":"\ue605","float":"right","fontSize":"27px","fontSrc":"__wap2app.ttf","onclick":"javascript:var read = plus.webview.getWebviewById('pages\/list\/paimai');read && read.close();"}]},"appendCss":"#publicHeadBar,.downloadContent,#j_ddapp,header.header,.inddapp_banner.dbbg,#showShare,.download{display:none !important} .nav_links_area{border-top:none!important} #slider,#book{margin-top:0px !important} body{padding-top:0!important;} body[style*='padding-top: 44px !important;']{margin-top:-44px!important;} .nav_links{margin-top:-44px !important}"}},{"webviewId":"pages\/list\/list","matchUrls":[{"hostname":["touch\\.m\\.dangdang\\.com"],"pathname":["^\\\/topics\\.php"],"search":["^\\?page\\_id\\=(?!130964|130956)"]}],"webviewParameter":{"titleNView":{"titleText":true},"appendCss":".inddapp_banner.dbbg,header,.app-download-wrapper,.footer .b-nav,.footer .copyright,.footer.new,.ft,.app_btn,#app_download,.app-download-wrapper,.downloadContent,#ddad,.download_banner.dbbg,.__wap2app_fixed_placeholder,#j_ddapp,.public-head-block{display:none !important}.navbar,.header.search{display:block !important} #slider,#book{margin-top:0px !important} body{padding-top:0!important;} .search_pop .search_box .search{margin-left:14px!important;} .nav_links,.search_box>.pop_back{margin-top:-44px !important}"}},{"webviewId":"pages\/list\/tushu_bang_list","matchUrls":[{"hostname":["touch\\.m\\.dangdang\\.com"],"pathname":["^\\\/tushu_bang\\.php"]}],"webviewParameter":{"titleNView":{"titleText":true},"appendCss":".inddapp_banner.dbbg,header>a,header>h1,.app-download-wrapper,.footer .b-nav,.footer .copyright,.footer.new,.ft,.app_btn,#app_download,.app-download-wrapper,.downloadContent,#ddad,.download_banner.dbbg,.__wap2app_fixed_placeholder,#j_ddapp,.public-head-block{display:none !important}"}},{"webviewId":"pages\/list\/bhproduct","matchUrls":[{"hostname":["touch\\.m\\.dangdang\\.com"],"pathname":["^\\\/bhproduct\\.php"]}],"webviewParameter":{"titleNView":{"titleText":"\u767e\u8d27\u70ed\u5356\u699c"}}},{"webviewId":"pages\/list\/outlets","matchUrls":[{"hostname":["touch\\.m\\.dangdang\\.com"],"pathname":["^\\\/outlets\\.php"]}],"webviewParameter":{"titleNView":{"titleText":"\u5c3e\u54c1\u6c47"}}},{"webviewId":"pages\/detail\/detail","matchUrls":[{"hostname":["product\\.m\\.dangdang\\.com","a\\.dangdang\\.com"],"pathname":["^\\\/[0-9]+\\.html","^\\\/detail.*\\.html","^\\\/review\\.php","^\\\/product\\_recommend\\.php","^\\\/product\\.php","^\\\/mobile\\_cost\\.php"]}],"webviewParameter":{"subNViews":"pages\/detail\/detail.nview","titleNView":false,"appendCss":".j_ddreader_download,.j_app_download,footer{display:none!important}"},"easyConfig":{"back":{"before":[{"popupSelector":"#swipe_left","closeSelector":"#swipe_left .back_btn","eventType":"click"},{"popupSelector":"#cell.cell","closeSelector":"#slider img","eventType":"click"}]},"fastInput":[{"selector":"#mobile","type":"tel"}]}},{"webviewId":"pages\/detail\/readBook","matchUrls":[{"hostname":["product\\.m\\.dangdang\\.com"],"pathname":["^\\\/read\\_book\\.php"]}],"webviewParameter":{"titleNView":{"titleText":"\u8bd5\u8bfb\u7ae0\u8282"},"appendCss":".j_ddreader_download,.j_app_download,footer,#ebook_down_a,header{display:none!important}"}},{"webviewId":"pages\/order\/list","matchUrls":[{"hostname":["home\\.m\\.dangdang\\.com"],"pathname":["^\\\/order\\.php"],"search":["^\\?action\\=list\\_type\\_order"]}],"webviewParameter":{"titleNView":{"titleText":"\u5546\u54c1\u8ba2\u5355"},"appendCss":".j_ddreader_download,.j_app_download,footer,header{display:none!important} .ol_select_bar{top:0!important;} .content_order{padding-top: 4.4rem!important;}"},"easyConfig":{"back":{"reload":["pages\/user\/user"]}}},{"webviewId":"pages\/order\/detail","matchUrls":[{"hostname":["home\\.m\\.dangdang\\.com"],"pathname":["^\\\/order\\.php"],"search":["^\\?action\\=get\\_order"]}],"webviewParameter":{"titleNView":{"titleText":"\u8ba2\u5355\u8be6\u60c5"},"appendCss":".j_ddreader_download,.j_app_download,footer,header{display:none!important} .ol_select_bar{top:0!important;} .content_ol_detail{padding-top: 0!important;}"}},{"webviewId":"pages\/order\/cancel_reason","matchUrls":[{"hostname":["home\\.m\\.dangdang\\.com"],"pathname":["^\\\/order\\.php"],"search":["^\\?action\\=cancel\\_reason"]}],"webviewParameter":{"titleNView":{"titleText":"\u53d6\u6d88\u8ba2\u5355","buttons":[{"text":"\u63d0\u4ea4","float":"right","fontSize":"16px","onclick":"javascript:var cancel = plus.webview.getWebviewById('pages\/order\/cancel_reason');cancel && cancel.evalJS('console.log(1235);document.querySelector(\\'.submit_c_reason\\').click();console.log(123);');"}]},"appendCss":".j_ddreader_download,.j_app_download,footer,header{display:none!important} .ol_select_bar{top:0!important;} .content_ol_detail{padding-top: 0!important;}"},"easyConfig":{"back":{"reload":["pages\/order\/list"]}}},{"webviewId":"pages\/order\/paycenter","matchUrls":[{"hostname":["\\mpayment\\.dangdang\\.com"],"pathname":["^\\\/paycenter\\.php"]},{"hostname":["mapi\\.alipay\\.com"],"pathname":["^\\\/gateway\\.do"]},{"hostname":["mclient\\.alipay\\.com"],"pathname":["^\\\/h5Continue\\.htm"]}],"webviewParameter":{"titleNView":{"titleText":true},"appendCss":""}},{"webviewId":"pages\/user\/adress","matchUrls":[{"hostname":["home\\.m\\.dangdang\\.com"],"pathname":["^\\\/address\\.php"]}],"webviewParameter":{"titleNView":{"titleText":"\u6536\u8d27\u5730\u5740"},"appendJs":"pages\/user\/appendJs.js","appendCss":".j_ddreader_download,.j_app_download,.head_title.bg_fe{display:none!important} #wrapper, #wrapper2{top:0!important;} .address #wrapper2{height:100%!important;}"}},{"webviewId":"pages\/user\/list","matchUrls":[{"pathname":["\\\/shop\\_collect\\.php","^\\\\\\\/wishlist\\\\\\.php$","^\\\\\\\/my\\\\_coupon\\\\\\.php$","^\\\\\\\/gift\\\\_card\\\\\\.php$"]}]},{"webviewId":"common","matchUrls":[{"pathname":["^\\.\\*$"]}]}]}