{"launch_path":"https:\/\/m.dianping.com\/?msource=jinli","match":[{"domain":"dianping.com","rule":["","www","m"]}],"global":{"webviewParameter":{"titleNView":{"autoBackButton":true,"backgroundColor":"#FF6633","titleColor":"#FFFFFF"},"appendCss":"footer,\n.footer,\n.footer_banner,\n.bottom-bar,\n.J_download-banner-top,\n.J_download-guide,\nheader,\n#head-cont,\n.new_show_info,\n.appload,\n.dp-header,\ndiv.nav {\n\tdisplay: none !important;\n}\n\n.firwork-document {\n\twidth: 100% !important;\n}"}},"pages":[{"webviewId":"__W2A__m.dianping.com","matchUrls":[{"pathname":["^\\\/?$"]},{"pathname":["^\\\/(?!citylist|login|auth|authlogin|my|tuan|resetpassword|search|reserve)[a-z]+$"]}],"webviewParameter":{"statusbar":{"background":"#FF6633"},"titleNView":false,"appendCss":".new_show_info,\r\n.gift,\r\n#J_download-banner-top,\r\n.J_download-banner-top,\r\nfooter.footer,\r\n.J_download-guide,\r\n.download-welfare,\r\n.popOverlay,\r\n.popWindow {\r\n\tdisplay: none !important;\r\n}","appendJs":"js\/launch_append.js"}},{"webviewId":"pages\/shop_list\/shop_list","matchUrls":[{"pathname":["^\\\/tuanlist\\\/[a-z]+$"]},{"pathname":["^\\\/tuan\\\/[a-z]+\\\/list\\\/.*"]},{"pathname":["^\\\/shoplist\\\/.*"]},{"pathname":["^\\\/tuan(\\\/[a-z]+)?$"]},{"pathname":["^\\\/search$"]},{"pathname":["^\\\/[a-z]+\\\/[a-z]+[0-9]+\\\/[a-z]+[0-9]+$"]},{"pathname":["^\\\/[a-z]+\\\/[a-z]+[0-9]+\\\/[a-z]+[0-9]+[a-z]+[0-9]+$"]},{"pathname":["^\\\/[a-z]+\\\/[a-z]+[0-9]+$"]}],"webviewParameter":{"replacewebapi":{"geolocation":"auto"},"statusbar":{"background":"#F0F0F0"},"titleNView":false,"appendCss":".loading-pic {\n\ttop: 45px !important;\n}\n\nheader {\n\tpadding: 0 !important;\n}\n\nheader .back {\n\tleft: 10px !important;\n}\n\n.list-head .info {\n\tposition: relative!important;\n\tright: 10px !important;\n}\n\nfooter.footer,\n.footer_banner,\n.new_show_info,\n.ad-bord,\n.J_download-banner-top,\n.J_download-guide {\n\tdisplay: none !important;\n}\n\n.J_search_container.search_container {\n\tz-index: 1200 !important;\n}\n\n.list-head .info {\n\tvisibility: hidden !important;\n}\n\n.list-head {\n\ttop: 0 !important;\n\tz-index: 999 !important;\n\tposition: fixed !important;\n\twidth: 100% !important;\n\tbackground: #f0f0f0 !important;\n}\n\n.J_mapiSearch {\n\tposition: relative !important;\n\ttop: 45px !important;\n}\n\nheader.searchhead {\n\tposition: fixed !important;\n\twidth: 100%;\n\ttop: 0;\n\tz-index: 999;\n}\n\nbody {\n\tpadding-top: 45px !important;\n}","appendJs":"js\/shop_list_append.js"}},{"webviewId":"pages\/shop_detail\/shop_detail","matchUrls":[{"pathname":["\\\/shop\\\/[0-9]+$"]}],"webviewParameter":{"titleNView":{"buttons":[{"text":"\ue602","float":"right","fontSize":"27px","fontSrc":"_www\/__wap2app.ttf","onclick":"javascript:plus.webview.getWebviewById('pages\/shop_detail\/shop_detail').evalJS('wap2app.openShare()')"}]},"appendCss":"footer.footer,\n.gift,\n#upload_pic,\n.J_ugc,\n.J_breadcrumb,\n.J_bottom-search,\n.J_bottom-app,\ndiv.J_footer,\nheader,\n.m-web-header,\nnav#header,\n.container:before,\n.cfb-wrapper.bottom,\n#lego-widget-fitness-index-header-000-000,\n.shop-details .shopInfoPagelet .desc a.submitBtn,\n.J_ad_download,\n.shop-brief .header,\n.shop-brief .location,\n.js-toast-container,\n.com-toast,\n.J_download-banner-top,\n.new_show_info,\n.app-sticker,\n.J_download-guide,\n.review-operation,\n.recommend-list,\n.breadcrumb,\n.brand-info,\n.focus.to-focus {\n\tdisplay: none !important\n}\n\nheader {\n\tpadding: 0 !important\n}\n\nheader .left {\n\tposition: relative !important;\n\tleft: 15px !important\n}\n\nheader .back {\n\tleft: 10px !important\n}\n\n.shop-head .shop-share {\n\tmargin-right: 10px !important\n}\n\n.shop-details {\n\tmargin-bottom: 0 !important\n}\n\nheader {\n\tposition: fixed !important;\n\ttop: 0 !important;\n\tz-index: 999 !important;\n\twidth: 100% !important;\n\tbackground: #fff !important\n}\n\nheader.shop-head::after {\n\tposition: absolute;\n\tright: 0;\n\tbottom: 0;\n\tleft: 0;\n\theight: 1px;\n\tcontent: '';\n\t-webkit-transform: scaleY(.5);\n\ttransform: scaleY(.5);\n\tbackground-color: #c8c7cc\n}\n\nheader>.title:last-child {\n\tmargin-left: -30px !important\n}\n\n#lego-mian-page .brand-header {\n\tdisplay: none !important;\n}","appendJs":"js\/shop_detail_append.js"}},{"webviewId":"pages\/tuan_detail\/tuan_detail","matchUrls":[{"pathname":["\\\/tuan\\\/deal\\\/[0-9]+.*"]}],"webviewParameter":{"titleNView":{"type":"transparent","buttons":[{"text":"\ue602","float":"right","fontSize":"22px","fontSrc":"_www\/__wap2app.ttf","onclick":"javascript:plus.webview.getWebviewById('pages\/tuan_detail\/tuan_detail').evalJS('wap2app.openShare()')"}]},"appendCss":"header,\n.footer-btn-fix,\n.promo-detail-list,\nfooter.footer {\n\tdisplay: none !important;\n}","appendJs":"js\/tuan_detail_append.js"}},{"webviewId":"moreinfo","matchUrls":[{"pathname":["^\\\/tuan\\\/deal\\\/moreinfo\\\/[0-9]+$"]}],"webviewParameter":{"titleNView":{"titleText":"\u56fe\u6587\u8be6\u60c5"},"appendCss":"header,footer.footer{display:none!important;}"}},{"webviewId":"reserve","matchUrls":[{"pathname":["^\\\/reserve$"]},{"pathname":["^\\\/authlogin$"],"search":[".*reserve\\.dianping\\.com.*"]}],"webviewParameter":{"appendCss":"#head-cont{display:none !important;}","appendJs":"js\/login_success_append.js"}},{"webviewId":"city_list","matchUrls":[{"pathname":["\\\/citylist.*"]}],"easyConfig":{"back":{"selector":"a.back","history":false}},"webviewParameter":{"replacewebapi":{"geolocation":"auto"},"statusbar":{"background":"#FFFFFF"},"titleNView":false,"appendCss":"div.J_footer,\n.J_download-banner-top,\n.new_show_info,\n.app-sticker {\n\tdisplay: none !important;\n}\n\nheader {\n\tposition: fixed !important;\n\ttop: 0 !important;\n\tz-index: 999 !important;\n\twidth: 100% !important;\n}\n\n.J_header {\n\tmargin-bottom: 45px !important;\n}"}},{"webviewId":"hotel_index","matchUrls":[{"pathname":["^\\\/awp\\\/h5\\\/hotel-dp\\\/list\\\/list\\.html$"]}],"easyConfig":{"showWaiting":false,"back":{"selector":".list-head .back","before":[{"popupSelector":".black-mask-transition","eventType":"click"},{"popupSelector":".v-calendar.v-calendar-transition","closeSelector":".v-calendar--title-back","eventType":"click"},{"popupSelector":".search-box.search-box-transition","closeSelector":".search-head-btn","eventType":"click"}],"history":false}},"webviewParameter":{"statusbar":{"background":"#FF6633"},"titleNView":false,"appendCss":"footer.footer,\n#main .filter-separator {\n\tdisplay: none !important;\n}\n\n.loading-pic {\n\ttop: 45px !important;\n}\n\n.search-box.search-box-transition {\n\tz-index: 1200 !important;\n}\n\n.list-head-container .list-head {\n\tposition: fixed;\n\twidth: 100%;\n\ttop: 0;\n}\n\n#main .filter-wrapper {\n\ttop: 1.2rem;\n}\n\n#main .filter-wrapper.fixed-sticky {\n\ttop: 1.2rem;\n}\n\n#main .list {\n\tmargin-top: 1.2rem\n}"}},{"webviewId":"pages\/hotel_detail\/hotel_detail","matchUrls":[{"pathname":["^\\\/awp\\\/h5\\\/hotel-dp\\\/shop-detail\\\/index\\.html$"]}],"webviewParameter":{"titleNView":{"type":"transparent","buttons":[{"text":"\ue602","float":"right","fontSize":"22px","fontSrc":"_www\/__wap2app.ttf","onclick":"javascript:plus.webview.getWebviewById('pages\/hotel_detail\/hotel_detail').evalJS('wap2app.openShare()')"}]},"appendCss":"header,.app-sticker,.review-operation,.breadcrumb,footer.footer{display:none!important;}"}},{"webviewId":"hotel_more","matchUrls":[{"pathname":["^\\\/awp\\\/h5\\\/hotel-dp\\\/shop\\\/detail\\\/detail\\.html$"]}],"webviewParameter":{"appendCss":"header,footer{display:none!important;}"}},{"webviewId":"pages\/more_list\/more_list","matchUrls":[{"pathname":["^\\\/tuan\\\/[a-z]+$"]}],"webviewParameter":{"statusbar":{"background":"#F0F0F0"},"titleNView":false,"appendCss":".footer_banner,\nfooter.footer,\n.J_download-banner-top,\n.new_show_info,\n.app-sticker {\n\tdisplay: none !important;\n}\n\n.searchhead {\n\tpadding: 0 !important;\n}\n\nheader {\n\tposition: fixed !important;\n\ttop: 0 !important;\n\tz-index: 999 !important;\n\twidth: 100% !important;\n}\n\nbody {\n\tpadding-top: 45px !important;\n}"}},{"webviewId":"category","matchUrls":[{"pathname":["\\\/[a-z]+\\\/category"]}],"webviewParameter":{"titleNView":{"titleText":"\u5168\u90e8\u5206\u7c7b"},"appendCss":".J_header,.J_footer,header,footer{display:none!important;}"}},{"webviewId":"trip_list","matchUrls":[{"hostname":[".*meituan\\.com"],"pathname":["\\\/trip\\\/lvyou\\\/triplist\\\/poi.*"]}],"webviewParameter":{"titleNView":{"titleText":"\u5468\u8fb9\u6e38"},"appendCss":".poi-list-header{display:none!important;}"}},{"webviewId":"baby","matchUrls":[{"pathname":["^\\\/baby\\\/mobile\\\/index$"]},{"pathname":["^\\\/app\\\/app-baby-index\\\/index\\.html$"]},{"pathname":["^\\\/app\\\/app-baby-headlines\\\/index\\.html$"]}],"webviewParameter":{"titleNView":false,"appendCss":"","appendJs":"","statusbar":{"background":"#FF6633"}},"easyConfig":{"back":{"history":false,"selector":"._3S7oB ._345bS,.gqoCx .GoMHV"}}},{"webviewId":"beauty","matchUrls":[{"pathname":["^\\\/beauty\\\/node\\\/html\\\/dpindex\\.html$"]}],"webviewParameter":{"titleNView":{"titleText":"\u4e3d\u4eba"},"appendCss":"header,.bottom-bar{display:none !important;}"},"easyConfig":{"back":{"before":[{"popupSelector":".imgToastSection","closeSelector":".imgToastSection","eventType":"click"}]}}},{"webviewId":"other_channel","matchUrls":[{"pathname":["\\\/channel\\\/beauty\\\/index\\.html"]},{"pathname":["\\\/app\\\/app-m-wedding-product-peon\\\/index\\.html"]},{"pathname":["\\\/easylife\\\/node\\\/html\\\/community\\\/index\\.html"]},{"pathname":["\\\/fitness\\\/node\\\/html\\\/dpindex\\.html"]},{"pathname":["\\\/app\\\/app-home-design-peon.*"]},{"pathname":["\\\/education\\\/node\\\/html\\\/dpchannel\\.html"]},{"pathname":["\\\/channel\\\/tohome\\\/index\\.html"]}],"webviewParameter":{"appendCss":".index-wrap .loading2,\n.baby-index-body header.shop-head,\n.lego-widget-sub header,\n.lego-widget-sub .p-index,\n.lego-widget-fitness-index-header-wrap,\n.h5-wrap header,\n.bottom-bar,\nfooter {\n\tdisplay: none !important;\n}\n\n.ages-wrap.J_agesTab {\n\ttop: 0 !important;\n}\n\n.index-wrap {\n\tpadding-top: 44px !important;\n}"}},{"webviewId":"pages\/login\/login","matchUrls":[{"pathname":["^\\\/login$"]}],"webviewParameter":{"titleNView":{"titleText":"\u7528\u6237\u767b\u5f55"},"appendCss":"header{display:none!important;}","appendJs":"js\/login_append.js"}},{"webviewId":"toutiao_list","matchUrls":[{"pathname":["\\\/app\\\/h5-ranklist-static\\\/list_.*\\.html"]},{"pathname":["^\\\/toplist\\\/detail"]}],"webviewParameter":{"titleNView":{"titleText":"\u70b9\u8bc4\u5934\u6761"},"appendCss":"#title,#apply{display:none!important;}"}},{"webviewId":"toutiao_detail","matchUrls":[{"pathname":["\\\/app\\\/h5-ranklist-static\\\/detail\\.html"]}],"webviewParameter":{"titleNView":{"titleText":"\u70b9\u8bc4\u5934\u6761","buttons":[{"text":"\ue602","float":"right","fontSize":"27px","fontSrc":"_www\/__wap2app.ttf","onclick":"javascript:plus.webview.getWebviewById('toutiao_detail').evalJS('wap2app.openShare()')"}]},"appendCss":"#find-more a.more-btn,#title-bar.detail-title,.to-app-view{display:none!important;}#detail-con{padding-top:0!important;}#top-author{position:static!important;}","appendJs":"js\/login_success_append.js"}},{"webviewId":"pages\/waimai_index\/waimai_index","matchUrls":[{"hostname":["takeaway\\.dianping\\.com"],"pathname":["\\\/waimai\\\/newm$"]}],"webviewParameter":{"titleNView":{"titleText":"\u70b9\u8bc4\u5916\u5356"},"appendJs":"js\/waimai_index_append.js","appendCss":".lego-widget-sub,.h5-wrap header,.bottom-bar,footer,.page.active.absulteps .list-head.J_header{display:none!important;}"}},{"webviewId":"pages\/waimai_shop\/waimai_shop","matchUrls":[{"hostname":["takeaway\\.dianping\\.com"],"pathname":["\\\/waimai\\\/[a-z]+\\\/menu$"]},{"hostname":["takeaway\\.dianping\\.com"],"pathname":["^\\\/waimai\\\/mindex$"],"hash":["#!detail\\\/i=[0-9]+"]}],"webviewParameter":{"titleNView":{"buttons":[{"text":"\ue602","float":"right","fontSize":"27px","fontSrc":"_www\/__wap2app.ttf","onclick":"javascript:plus.webview.getWebviewById('pages\/waimai_shop\/waimai_shop').evalJS('wap2app.openShare()')"}]},"appendCss":".lego-widget-sub,.h5-wrap header,.bottom-bar,footer{display:none!important;}"}},{"webviewId":"auth","matchUrls":[{"pathname":["^\\\/auth$"]},{"pathname":["^\\\/cgi-bin\\\/xlogin$"]}],"webviewParameter":{"titleNView":{"titleText":"\u7b2c\u4e09\u65b9\u767b\u5f55"},"appendCss":"aside.logins{display:none!important;}"}},{"webviewId":"my","matchUrls":[{"pathname":["^\\\/my$"]},{"pathname":["^\\\/nmy\\\/myinfo$"]},{"pathname":["^\\\/authlogin$"],"search":[".*m\\.dianping\\.com.*my&code=.*"]}],"webviewParameter":{"statusbar":{"background":"#FFFFFF"},"titleNView":false,"appendCss":"header.border-bottom{position:fixed!important;top:0!important;width:100%!important;z-index:999!important;}section.section-list.order-list{position:relative!important;top:48px!important;}header.border-bottom .right-btn{margin-right:30px!important;}.info-banner{display:none !important;}","appendJs":"js\/my_append.js"}},{"webviewId":"shop_map","matchUrls":[{"pathname":["^\\\/shop\\\/[0-9]+\\\/map$"]}],"webviewParameter":{"appendCss":".J_download-banner-top,\n.keyword_frame,\n.list-head,\n.J_bottom-app,\n.bottom-two-btn.btn-top,\n.filled-top {\n\tdisplay: none !important;\n}\n\n#map-container {\n\theight: 100% !important;\n}\n\n.J_map {\n\theight: 100% !important;\n}\n\nbody {\n\tmargin-top: 0 !important;\n}"}},{"webviewId":"navigator","matchUrls":[{"hostname":[".*qq.*"]}],"webviewParameter":{"appendCss":".topbar.setting .close-route{display:none!important;}"},"easyConfig":{"back":{"history":false}}},{"webviewId":"shop_dish","matchUrls":[{"hostname":["^m\\.dianping\\.com$"],"pathname":["^\\\/shop\\\/[0-9]+\\\/dishlist$"]}],"webviewParameter":{"titleNView":{"titleText":"\u63a8\u8350\u83dc"},"appendCss":"header,.leftResults,.bottom-two-btn{display:none !important;}body{background-color:#fff !important;}","appendJs":"js\/shop_dish_append.js"}},{"webviewId":"shop_dish_list","matchUrls":[{"hostname":["^www\\.dianping\\.com$"],"pathname":["^\\\/shop\\\/[0-9]+\\\/dishlist(\\\/p[0-9]+)?$"]}],"webviewParameter":{"titleNView":{"titleText":"\u7279\u8272\u83dc"},"appendCss":"#site-nav,\r\n#page-header,\r\n#main-nav,\r\n.bottom-contrainer,\r\n.footer,\r\n.breadcrumb,\r\n.shop-food-list-title,\r\n.shop-desc,\r\n.fix-card,\r\n.header-container,\r\n.footer-container {\r\n  display: none !important;\r\n}\r\n\r\n.index-main .shop-food-main,\r\n.index-main .shop-food-main .shop-food-list .shop-food-list-title,\r\n.index-main .shop-food-main .shop-food-list .list-desc {\r\n  width: 100% !important;\r\n}\r\n\r\n.index-main .shop-food-main .shop-food-list {\r\n  margin-left: 0 !important;\r\n}\r\n\r\n.index-main .shop-food-main .shop-food-list .list-desc .shop-food-item {\r\n  width: 100% !important;\r\n  margin-right: 0 !important;\r\n  border: none !important;\r\n}\r\n\r\n.shop-food-list-page {\r\n  padding-left: 0 !important;\r\n}\r\n\r\n.index-main .shop-food-main .shop-food-list .list-desc {\r\n  margin-top: 0 !important;\r\n}\r\n\r\n.index-main .shop-food-main .shop-food-list .list-desc {\r\n  padding: 10px 0 0 0 !important;\r\n}","appendJs":"js\/shop_dish_list_append.js"}},{"webviewId":"shop_dish_detail","matchUrls":[{"pathname":["^\\\/shop\\\/[0-9]+\/dish[0-9]+$"]},{"pathname":["^\\\/shop\\\/[0-9]+\/dish\\-.*$"]}],"webviewParameter":{"titleNView":{"titleText":"\u63a8\u8350\u83dc\u8be6\u60c5"},"appendCss":"header,.bottom-two-btn,.view-more,.filled-bottom{display:none !important;}"},"easyConfig":{"back":{"history":false},"previewImage":{"selector":"img.picExample","options":{"loop":true,"indicator":"number"}}}},{"webviewId":"shop_other","matchUrls":[{"pathname":["^\\\/shop\\\/[0-9]+\\\/photos"]},{"pathname":["^\\\/forum\\\/question\\\/shop.*"]}],"webviewParameter":{"appendCss":".J_header,\n.leftResults,\n.J_bottom-app,\n.J_autoopenapp,\n.view-more,\n.bottom-two-btn.btn-bottom,\n.bottom-two-btn.btn-top,\n.filled-top,\nheader {\n\tdisplay: none !important;\n}"}},{"webviewId":"pages\/shop_review","matchUrls":[{"pathname":["^\\\/shop\\\/[0-9]+\\\/review_all$"]}],"webviewParameter":{"titleNView":{"titleText":"\u7f51\u53cb\u70b9\u8bc4"},"appendCss":".J_header,\n.leftResults,\n.J_bottom-app,\n.J_autoopenapp,\n.view-more,\n.bottom-two-btn.btn-bottom,\nheader {\n\tdisplay: none!important;\n}\n\nbody {\n\tbackground-color: #FFFFFF !important;\n}","appendJs":"js\/shop_review_append.js"}},{"webviewId":"pages\/shop_review_list","matchUrls":[{"hostname":["^www\\.dianping\\.com$"],"pathname":["^\\\/shop\\\/[0-9]+\\\/review_more(\\\/p[0-9]+)?$"]}],"webviewParameter":{"titleNView":{"titleText":"\u5168\u90e8\u8bc4\u4ef7"},"appendCss":".header-bar,\ndiv.header,\n.crumb,\n.shop-wrap.shop-revitew .revitew-title,\n.shop-wrap.shop-revitew .shop-comment .comment-tab,\n.shop-wrap.shop-revitew .shop-comment .comment-star,\n.shop-wrap.shop-revitew .shop-comment .comment-filter,\ndiv.aside,\ndiv.footer,\n.open-noshow,\n.col-right,\n.J-busi,\n.shop-photo .more {\n  display: none !important;\n}\n\n.header-container,\n.review-list-nav,\n.review-list-header,\n.review-tabs,\n.review-list-aside,\n.footer-container,\n.reviews-hidden,\n.actions {\n  display: none !important;\n}\n\n#review-list .review-list-container {\n  width: 100% !important;\n}\n\n#review-list .review-list-container .review-list-main {\n  width: 100% !important;\n  margin-right: 0 !important;\n}\n\n.reviews-items>ul>li .main-review .review-rank {\n  height: auto !important;\n}\n\n.shop-gallery-lay {\n  display: none !important;\n}\n\n.shop-wrap {\n  width: 100% !important;\n  overflow: hidden !important;\n}\n\n.main {\n  width: 100% !important;\n  padding-right: 0 !important;\n}\n\n.comment-list li .content {\n  width: auto !important;\n  float: none !important;\n  margin-left: 70px !important;\n}\n\n.shop-comment .comment-list {\n  padding: 0 10px !important;\n}\n\n.shop-comment .comment-list .subreview-div {\n  width: 100% !important;\n  margin-left: 0 !important;\n}\n\n.pic-txt .pic,\n.comment-list li .pic {\n  margin-right: 0 !important;\n}\n\n.comment-rst .sep {\n  display: none !important;\n}\n\n.comment-rst .rst {\n  padding-right: 0 !important;\n}\n\n.reviews-tags .hd {\n  width: 15%;\n}\n\n.reviews-tags .content {\n  width: 70%;\n}\n\n.reviews-filter {\n  margin-bottom: 30px !important;\n}","appendJs":"js\/shop_review_list_append.js"},"easyConfig":{"back":{"history":false}}},{"webviewId":"write_review","matchUrls":[{"pathname":["^\\\/shop\\\/[0-9]+\\\/review$"]},{"pathname":["^\\\/authlogin$"],"search":[".*redir\\=.*m\\.dianping\\.com.*shop.*[0-9]+.*review"]}],"webviewParameter":{"titleNView":{"titleText":"\u6211\u8981\u70b9\u8bc4"},"appendCss":"header,\r\nfooter.footer,\r\n.new_show_info {\r\n  display: none !important;\r\n}\r\n\r\n\r\n\/*pc\u7ad9*\/\r\n\r\n.header-bar,\r\n.footer.footer-static,\r\n.J_qr_btn,\r\n.comment-header,\r\n.aside-right,\r\n#mr .c-gray,\r\n.notice-block,\r\n.s-pages {\r\n  display: none !important;\r\n}\r\n\r\n.header-bar .inner,\r\n.header,\r\n.breadcrumb,\r\n.main,\r\n.secondary,\r\n.footer,\r\n.page-sa .section,\r\n.taglist-block .chara-con {\r\n  width: 100% !important;\r\n}\r\n\r\n#J_review-body {\r\n  width: 96% !important;\r\n  padding: 0 !important;\r\n}\r\n\r\n.mycomment-wrap {\r\n  margin: 0 !important;\r\n}\r\n\r\n.section .block {\r\n  margin-bottom: 0 !important;\r\n}\r\n\r\n.taglist-block .chara-con {\r\n  padding: 0 !important;\r\n}\r\n\r\n.upload-pic-box p.col-exp {\r\n  padding: 10px !important;\r\n}\r\n\r\n.upload-pic-box .upload-form {\r\n  margin-left: 0 !important;\r\n}\r\n\r\n.upload-pic-box .upload-pic {\r\n  width: 90%;\r\n  margin: 0 !important;\r\n}\r\n\r\n.upload-pic .slider {\r\n  width: auto !important;\r\n  height: 200px;\r\n}\r\n\r\n.upload-pic ul {\r\n  width: auto !important;\r\n}","appendJs":"js\/write_review_append.js"},"easyConfig":{"back":{"history":false}}},{"webviewId":"shop_review_detail","matchUrls":[{"pathname":["^\\\/review\\\/[0-9]+$"]}],"webviewParameter":{"titleNView":{"titleText":"\u70b9\u8bc4\u8be6\u60c5"},"appendCss":"header,.filled-top,.bottom-two-btn,.shop-crumbs-container,.footer-tags-box,.footer{display:none !important;}"}},{"webviewId":"order_detail","matchUrls":[{"pathname":["^\\\/app\\\/gfe-app-page-tuan-dp\\\/order-detail\\.html$"]}],"webviewParameter":{"titleNView":{"titleText":"\u8ba2\u5355\u8be6\u60c5"},"appendCss":"header{display:none!important;}"}},{"webviewId":"tuan_shop","matchUrls":[{"pathname":["^\\\/tuan\\\/shoplist\\\/[0-9]+$"]}],"webviewParameter":{"titleNView":{"titleText":"\u9002\u7528\u5546\u6237"},"appendCss":"header,footer.footer{display:none!important;}","appendJs":"js\/tuan_shop_append.js"}},{"webviewId":"shop_rank","matchUrls":[{"pathname":["^\\\/mobile\\\/shoprank\\\/channeldetail"]}],"webviewParameter":{"titleNView":{"titleText":"\u6392\u884c\u699c"}},"easyConfig":{"back":{"before":[{"popupSelector":".overlay","eventType":"click"}]}}},{"webviewId":"tuan_buy","matchUrls":[{"pathname":["^\\\/tuan\\\/buy\\\/[0-9]+$"]}],"webviewParameter":{"titleNView":{"titleText":"\u63d0\u4ea4\u8ba2\u5355"},"appendCss":"header.mb-line-b{display:none!important;}","appendJs":"js\/tuan_buy_append.js"}},{"webviewId":"pay_order","matchUrls":[{"hostname":[".*meituan\\.com"],"pathname":["^\\\/resource\\\/icashier\\\/s\\\/index\\.html$"]},{"hostname":[".*meituan\\.com"],"pathname":["^\\\/i\\\/cashier\\\/show\\\/index$"]}],"webviewParameter":{"subNViews":"nviews\/pay_order.nview","titleNView":false,"statusbar":{"background":"#FF6633"},"appendCss":""}},{"webviewId":"wm_preview","matchUrls":[{"hostname":["^takeaway\\.dianping\\.com$"],"pathname":["^\\\/waimai\\\/newm\\\/preview$"]},{"pathname":["^\\\/waimai\\\/newm\\\/dploginuuidunionpage$"],"search":["redirectUrl\\=http.*waimai[%\\w]+newm[%\\w]+preview"]}],"webviewParameter":{"titleNView":{"titleText":"\u786e\u8ba4\u8ba2\u5355"},"appendCss":"header{display:none!important;}","appendJs":"js\/login_success_append.js"}},{"webviewId":"tuan_pay","matchUrls":[{"pathname":["^\\\/tuan\\\/pay\\\/[0-9]+\\\/[0-9]+$"]}],"webviewParameter":{"titleNView":{"titleText":"\u8d2d\u4e70\u6210\u529f"},"appendCss":"header{display:none !important;}","appendJs":"js\/tuan_pay_append.js"}},{"webviewId":"cash","matchUrls":[{"pathname":["^\\\/hui\\\/unicashier\\\/loadUnicashier$"]}],"webviewParameter":{"appendJs":"js\/login_success_append.js"}},{"webviewId":"shopping","matchUrls":[{"pathname":["^\\\/shopping\\\/index$"]}],"webviewParameter":{"titleNView":{"titleText":"\u8d2d\u7269"},"appendCss":".lego-widget-sub .p-index{display:none !important;}"}},{"webviewId":"shopping_brand","matchUrls":[{"pathname":["^\\\/shopping\\\/node\\\/brand\\\/index\\.html$"]}],"webviewParameter":{"titleNView":{"titleText":"\u54c1\u724c\u9986","buttons":[{"text":"\ue602","float":"right","fontSize":"27px","fontSrc":"_www\/__wap2app.ttf","onclick":"javascript:plus.webview.getWebviewById('shopping_brand').evalJS('wap2app.openShare()')"}]},"appendCss":".back-bar.back-bar-fixed,.naive-bar.back-bar-fixed{display:none !important;}.brand-index-header .brand-info{padding-top:40px !important;}"}},{"webviewId":"shopping_promo","matchUrls":[{"pathname":["^\\\/shopping\\\/promo\\\/navpromolist.*"]}],"webviewParameter":{"titleNView":{"titleText":"\u65b0\u9c9c\u4e8b"},"appendCss":"header{display:none !important;}"}},{"webviewId":"shopping_shop_list","matchUrls":[{"pathname":["^\\\/shopping\\\/mallshoplist\\\/.*"]}],"webviewParameter":{"titleNView":false,"appendCss":"","statusbar":{"background":"#FF6633"}},"easyConfig":{"back":{"selector":"a.back","history":false}}},{"webviewId":"shopping_brand_product_detail","matchUrls":[{"pathname":["^\\\/shopping\\\/node\\\/brand\\\/productspudetail\\.html$"]}],"webviewParameter":{"titleNView":{"titleText":"\u5355\u54c1\u8be6\u60c5","buttons":[{"text":"\ue602","float":"right","fontSize":"27px","fontSrc":"_www\/__wap2app.ttf","onclick":"javascript:plus.webview.getWebviewById('shopping_brand_product_detail').evalJS('wap2app.openShare()')"}]},"appendCss":".fixed-nav-bar .title-bar,.fixed-back-btn{display:none !important;}"}},{"webviewId":"shopping_promo_mall","matchUrls":[{"pathname":["^\\\/shopping\\\/node\\\/promo\\\/mall\\.html$"]}],"webviewParameter":{"titleNView":{"titleText":"\u5546\u573a\u4f18\u60e0\u6d3b\u52a8"},"appendCss":".dp-header{display:none !important;}.weekly-tab-wrapper{top:0 !important;}"}},{"webviewId":"beauty_toutiao","matchUrls":[{"pathname":["^\\\/beauty-salvia\\\/i-beauty\\\/home\\.html$"]}],"webviewParameter":{"titleNView":{"titleText":"\u4e3d\u4eba\u5934\u6761"},"appendCss":"#app .title-bar{display:none !important;}#app .wrapper{padding-top:0 !important;}"}},{"webviewId":"beauty_new_area","matchUrls":[{"pathname":["^\\\/av\\\/rainbow\\\/[0-9]+\\\/index\\.html"]}]},{"webviewId":"beauty_try_center","matchUrls":[{"pathname":["^\\\/trycenter\\\/beauty\\\/activity$"]}],"webviewParameter":{"titleNView":{"titleText":"\u4e3d\u4eba\u514d\u8d39\u8bd5\u7528"},"appendCss":".h-index-header,.cfb-wrapper.bottom{display:none !important;}"},"easyConfig":{"back":{"history":false}}},{"webviewId":"beauty_try_detail","matchUrls":[{"pathname":["^\\\/trycenter\\\/beauty\\\/activity\\\/detail$"]}],"webviewParameter":{"titleNView":{"titleText":"\u4e3d\u4eba\u514d\u8d39\u8bd5\u7528","buttons":[{"text":"\ue602","float":"right","fontSize":"27px","fontSrc":"_www\/__wap2app.ttf","onclick":"javascript:plus.webview.getWebviewById('beauty_try_detail').evalJS('wap2app.openShare()')"}]},"appendCss":".h-index-header,.cfb-wrapper.bottom,.cfb-wrapper.top{display:none !important;}"}},{"webviewId":"beauty_try_center_shop","matchUrls":[{"pathname":["^\\\/trycenter\\\/beauty\\\/activity\\\/shop$"]}],"webviewParameter":{"titleNView":{"titleText":"\u6536\u85cf\u95e8\u5e97"},"appendCss":""}},{"webviewId":"beauty_live","matchUrls":[{"pathname":["^\\\/app\\\/gfe-app-page-beauty-live-client\\\/index\\.html$"]}],"webviewParameter":{"titleNView":{"titleText":"\u4e3d\u4eba\u76f4\u64ad"},"appendCss":""}},{"webviewId":"beauty_live_broadcast","matchUrls":[{"pathname":["^\\\/app\\\/app-live-broadcast\\\/index\\.html$"]}],"webviewParameter":{"titleNView":{"titleText":"\u4e3d\u4eba\u76f4\u64ad"},"appendCss":""},"easyConfig":{"back":{"history":false}}},{"webviewId":"play","matchUrls":[{"pathname":["^\\\/play\\\/main\\\/index$"]},{"pathname":["^\\\/play\\\/main\\\/classify$"]}],"webviewParameter":{"titleNView":{"titleText":"\u4f11\u95f2\u5a31\u4e50"},"appendCss":""}},{"webviewId":"play_topic","matchUrls":[{"pathname":["^\\\/app\\\/gfe-app-page-play-top-topic\\\/index-dp\\.html$"]}],"webviewParameter":{"titleNView":{"titleText":"\u53bb\u54ea\u73a9"},"appendCss":""},"easyConfig":{"back":{"before":[{"popupSelector":".districtBox-pup","eventType":"click"}]}}},{"webviewId":"msg_wall","matchUrls":[{"pathname":["^\\\/shop\\\/[0-9]+\\\/msgwall"]},{"pathname":["^\\\/shop\\\/[0-9]+\\\/signname"]}],"webviewParameter":{"titleNView":{"titleText":"\u7b7e\u5230\u7559\u8a00\u5899"}},"easyConfig":{"back":{"history":"false"}}}],"version":"b0c90db7050c0241db8d4631b0b2309f"}