{"version":"f4d9150fe18ab713bd9a509e8f239d31","launch_path":"http:\/\/m.v.6.cn\/?src=ummeda5155","match":[{"domain":"6.cn","rule":".*6\\.cn$"},{"domain":"6.cn","rule":".*6\\.cn\\\/$"}],"global":{"webviewParameter":{"titleNView":{"autoBackButton":true,"backgroundColor":"#fff","titleColor":"#000000","titleSize":"17px"},"statusbar":{"style":"dark"},"appendCss":"","appendJs":""},"easyConfig":{}},"pages":[{"webviewId":"__W2A__m.v.6.cn","matchUrls":[{"href":["^http\\:\\\/\\\/m\\.v\\.6\\.cn\\\/\\?src\\=ummeda5155$"]},{"href":["^http\\:\\\/\\\/m\\.v\\.6\\.cn\\\/\\?src\\=ummeda5155$"]},{"hostname":["^m\\.v\\.6\\.cn$","^v\\.6\\.cn$","^passport\\.6\\.cn$"],"pathname":["^\\\/$","^\\\/sso\\\/logout\\.php$","^\\\/pay\\\/callback$"]}],"webviewParameter":{"titleNView":false,"statusbar":{"background":"#fff"},"appendCss":".g-scrolling li[href='\/xianchang'],.pay-list>a:last-child,.sanji,input[value='\u786e\u8ba4']{display:none!important}.g-header.hidden header{pointer-events:auto!important;-webkit-transform:translateY(0)!important;transform:translateY(0)!important}.viewport-index .livecate.collapse ul{-webkit-transform:translateY(44px)!important;transform:translateY(44px)!important}.g-footer.hidden ul{-webkit-transform:translateY(0)!important;transform:translateY(0)!important}"},"easyConfig":{"back":{"history":true}}},{"webviewId":"pay","matchUrls":[{"hostname":["^wx\\.tenpay\\.com$"],"pathname":["^\\\/cgi-bin\\\/mmpayweb-bin\\\/checkmweb$"]},{"hostname":["^mclient\\.alipay\\.com$"],"pathname":["^\\\/service\\\/rest\\.htm$","^\\\/h5\\\/loginIdPwdToLogin\\.htm$"]},{"hostname":["^www\\.paypal\\.com$"],"pathname":["^\\\/cgi-bin\\\/webscr$"]},{"hostname":["^ydzf\\.vnetone\\.com$"],"pathname":["^\\\/mobilepayment\\\/orderPayment\\.aspx$"]}],"webviewParameter":{"appendCss":".am-ft-gray.am-ft-mb-20 .fn-right,.am-header,.mcontentbox .mheader{display:none!important;}"}},{"webviewId":"common","matchUrls":[{"pathname":[".*"]}],"webviewParameter":{"appendCss":"aside.logins{display:none!important;}"}}]}