{"launch_path":"https:\/\/m.daojia.com\/","match":[{"domain":"daojia.com","rule":["","m","www","jzt"]}],"global":{"webviewParameter":{"statusbar":{"immersed":false},"titleNView":{"backgroundColor":"#FFFFFF","titleColor":"#2A2D34","titleSize":"17px","borderColor":"#E8EBF0"},"appendCss":"header,.footbarwrap,#downloadBar{display:none!important;}"}},"pages":[{"webviewId":"__W2A__m.daojia.com","matchUrls":[{"href":["^https\\:\\\/\\\/m\\.daojia\\.com$"]},{"href":["^https\\:\\\/\\\/m\\.daojia\\.com\\\/$"]},{"hostname":["daojia\\.com"],"pathname":["^\\\/(?!login|campaign|prelogin)[a-z]+$|^\\\/$"]},{"hostname":["daojia\\.com"],"pathname":["^\\\/(?!wen)[a-z]+\\\/$|^\\\/$"]},{"pathname":["^\\\/home\\\/index$"]},{"pathname":["^\\\/tg\\\/sem31_0$"]}],"webviewParameter":{"titleNView":false,"appendJs":"js\/launch.js","appendCss":"div.new-wrapper {\r\n  padding-top: 45px;\r\n}\r\n\r\nheader.new-header {\r\n  position: fixed;\r\n  width: 100%;\r\n  top: 0;\r\n  z-index: 999;\r\n}\r\n\r\ndiv.fixed-app,\r\nfooter.at-bottom,\r\n#downloadBar {\r\n  display: none !important;\r\n}"}},{"webviewId":"select_city","matchUrls":[{"pathname":["^\\\/api\\\/selectCity\\\/$"]}],"webviewParameter":{"titleNView":{"titleText":"\u9009\u62e9\u57ce\u5e02"},"appendCss":"header.new-header{display:none;}"}},{"webviewId":"shenghuo","matchUrls":[{"pathname":["^\\\/[a-z]+\\\/jiazheng\\\/$"]},{"pathname":["^\\\/[a-z]+\\\/huli\\\/$"]},{"pathname":["^\\\/[a-z]+\\\/yanghu\\\/$"]},{"pathname":["^\\\/[a-z]+\\\/liren\\\/$"]},{"pathname":["^\\\/[a-z]+\\\/suyun\\\/$"]},{"pathname":["^\\\/[a-z]+\\\/weixiu\\\/$"]},{"pathname":["^\\\/[a-z]+\\\/shenghuo\\\/$"]}],"webviewParameter":{"appendCss":"header.new-header{display:none;}"}},{"webviewId":"xiche","matchUrls":[{"pathname":["^\\\/[a-z]+\\\/xiche\\\/$"]}],"webviewParameter":{"titleNView":{"titleText":"\u6d17\u8f66"},"appendJs":"js\/close.js"}},{"webviewId":"xiche_coupon","matchUrls":[{"pathname":["^\\\/salecoupon\\\/h5\\\/index$"]}]},{"webviewId":"coupon_pay","matchUrls":[{"pathname":["^\\\/salecoupon\\\/pay\\\/goPay$"]}]},{"webviewId":"pre_order","matchUrls":[{"pathname":["^\\\/api\\\/guagua\\\/order\\\/preorder$"]}]},{"webviewId":"order_list","matchUrls":[{"pathname":["^\\\/orderInfo\\\/orderList$"]},{"pathname":["^\\\/orderInfo\\\/orderListIndex$"]}],"webviewParameter":{"appendJs":"js\/close.js"}},{"webviewId":"qf","matchUrls":[{"hostname":["^m\\.58qf\\.com$"],"pathname":["^[a-z]+$"]}]},{"webviewId":"baojie","matchUrls":[{"pathname":["^\\\/h5\\\/thirdPartyBj\\\/xiaoshigong$"]},{"pathname":["^\\\/h5\\\/deepbaojie\\\/index$"]},{"pathname":["^\\\/h5\\\/life\\\/household\\\/(?!order)[a-z]+$"]},{"pathname":["^\\\/h5\\\/((?:jdqx\\\/)?)[a-z]+\\\/introduce$"]}],"webviewParameter":{"titleNView":{"buttons":[{"text":"\ue602","float":"right","fontSize":"27px","fontSrc":"_www\/__wap2app.ttf","onclick":"javascript:plus.webview.getWebviewById('baojie').evalJS('wap2app&&wap2app.openShare()')"}]},"appendCss":"header{display:none!important;}.mf_fixhf{padding:0!important;}"}},{"webviewId":"product","matchUrls":[{"pathname":["^\\\/user\\\/product\\\/serviceProducts$"]}]},{"webviewId":"liren","matchUrls":[{"pathname":["^\\\/[a-z]+\\\/meijia\\\/$"]},{"pathname":["^\\\/[a-z]+\\\/meijie\\\/$"]},{"pathname":["^\\\/[a-z]+\\\/huazhuang\\\/$"]}],"webviewParameter":{"titleNView":{"buttons":[{"text":"\ue602","float":"right","fontSize":"27px","fontSrc":"_www\/__wap2app.ttf","onclick":"javascript:plus.webview.getWebviewById('liren').evalJS('wap2app&&wap2app.openShare()')"}]},"appendCss":"header.new-header,section.footer-new-panel,footer.at-bottom{display:none;}div.wrapper{padding-bottom:43px;}"}},{"webviewId":"liren_products","matchUrls":[{"pathname":["^\\\/api\\\/meijia\\\/orderSub$"]},{"pathname":["^\\\/lirencore\\\/city\\\/choice$"]},{"pathname":["^\\\/lirencore\\\/products\\\/indexFor58App$"]}]},{"webviewId":"liren_detail","matchUrls":[{"pathname":["^\\\/lirencore\\\/product\\\/detail$"]}],"webviewParameter":{"titleNView":{"buttons":[{"text":"\ue602","float":"right","fontSize":"27px","fontSrc":"_www\/__wap2app.ttf","onclick":"javascript:plus.webview.getWebviewById('liren_detail').evalJS('wap2app&&wap2app.openShare()')"}]}}},{"webviewId":"liren_order","matchUrls":[{"pathname":["^\\\/lirencore\\\/ordercommon.*"]}],"webviewParameter":{"appendCss":".bar_downapp{display:none!important;}"}},{"webviewId":"huazhuang_detail","matchUrls":[{"pathname":["^\\\/[a-z]+\\\/huazhuang\\\/[0-9]+\\\/$"]}],"webviewParameter":{"appendCss":"div.cs_header{display:none;}div.ljtx{visibility:hidden;}","appendJs":"js\/huazhuang_detail.js"}},{"webviewId":"login","matchUrls":[{"pathname":["^\\\/prelogin$"]},{"pathname":["^\\\/login$"]}]},{"webviewId":"order","matchUrls":[{"pathname":["^\\\/h5\\\/[a-z]+\\\/order$"]},{"pathname":["^\\\/h5\\\/life\\\/household\\\/order$"]},{"pathname":["^\\\/h5\\\/ordercomm\\\/address$"]}]},{"webviewId":"cashier","matchUrls":[{"pathname":["^\\\/payplatform\\\/cashier$"]}]},{"webviewId":"order_success","matchUrls":[{"pathname":["^\\\/api\\\/marketing\\\/display$"]}]},{"webviewId":"order_detail","matchUrls":[{"pathname":["^\\\/h5\\\/baojie\\\/orderDetail$"]},{"pathname":["^\\\/orderInfo\\\/orderDetail$"]}]},{"webviewId":"app_order","matchUrls":[{"pathname":["^\\\/[a-z]+\\\/huoyun"]},{"pathname":["^\\\/[a-z]+\\\/banjia"]},{"pathname":["^\\\/[a-z]+\\\/shoujiwx"]},{"pathname":["^\\\/[a-z]+\\\/jiajuwx"]},{"pathname":["^\\\/[a-z]+\\\/jujia"]},{"pathname":["^\\\/[a-z]+\\\/xiejia"]},{"pathname":["^\\\/[a-z]+\\\/peilian"]}],"webviewParameter":{"titleNView":{"buttons":[{"text":"\ue602","float":"right","fontSize":"27px","fontSrc":"_www\/__wap2app.ttf","onclick":"javascript:plus.webview.getWebviewById('app_order').evalJS('wap2app&&wap2app.openShare()')"}]},"appendCss":"header.new-header{display:none;}section.info-details .fix-bottom{visibility:hidden;}","appendJs":"common\/app_order.js"}},{"webviewId":"muying","matchUrls":[{"pathname":["^\\\/[a-z]+\\\/yuesao\\\/$"]},{"pathname":["^\\\/[a-z]+\\\/yuersao\\\/$"]},{"pathname":["^\\\/nurse\\\/order\\\/nurse58order$"]}],"webviewParameter":{"titleNView":{"buttons":[{"text":"\ue602","float":"right","fontSize":"27px","fontSrc":"_www\/__wap2app.ttf","onclick":"javascript:plus.webview.getWebviewById('muying').evalJS('wap2app&&wap2app.openShare()')"}]}}},{"webviewId":"mianshi","matchUrls":[{"pathname":["[a-z]+\\\/yuersao\\\/order"]}],"webviewParameter":{"titleNView":{"titleText":"\u9884\u7ea6\u9762\u8bd5"},"appendCss":"header.new-header{display:none;}header.top-header{display:none!important;}"}},{"webviewId":"yuersao_select_city","matchUrls":[{"pathname":["^\\\/yuersao\\\/selectCity\\\/$"]}]},{"webviewId":"zixun","matchUrls":[{"pathname":["^\\\/zixun\\\/[a-z]+\\\/((pn[0-9]+\\\/)?)$"]},{"pathname":["^\\\/baike\\\/[a-z]+\\\/((pn[0-9]+\\\/)?)$"]},{"pathname":["^\\\/jiage\\\/[a-z]+\\\/((pn[0-9]+\\\/)?)$"]},{"pathname":["^\\\/tools\\\/[a-z]+\\\/((pn[0-9]+\\\/)?)$"]},{"pathname":["^\\\/shipu\\\/[a-z]+\\\/((pn[0-9]+\\\/)?)$"]}],"webviewParameter":{"appendCss":"header,footer.footer,.general-title>div,section.panel{display:none!important;}section.search,.wrapper.top44{margin-top:0;}"}},{"webviewId":"zixun_detail","matchUrls":[{"pathname":["^\\\/zixun\\\/[0-9]+\\\/$"]},{"pathname":["^\\\/baike\\\/w\\_[0-9]+\\\/$"]},{"pathname":["^\\\/shipu\\\/[0-9]+\\.html"]},{"pathname":["\\\/shipu\\\/[0-9]+\\\/$"]}],"webviewParameter":{"titleNView":{"buttons":[{"text":"\ue602","float":"right","fontSize":"27px","fontSrc":"_www\/__wap2app.ttf","onclick":"javascript:plus.webview.getWebviewById('zixun_detail').evalJS('wap2app&&wap2app.openShare()')"}]},"appendCss":"header.bk-header.fixed{display:none;}section.search.spacing44{margin-top:0;}","appendJs":"js\/zixun_detail.js"}},{"webviewId":"wen","matchUrls":[{"pathname":["^\\\/wen\\\/$"]},{"pathname":["^\\\/wen\\\/huati\\\/$"]},{"pathname":["^\\\/wen\\\/[a-z]+\\\/$"]}],"webviewParameter":{"appendCss":"header.bk-header,footer.footer,section.panel{display:none;}"}},{"webviewId":"wen_detail","matchUrls":[{"pathname":["^\\\/wen\\\/q\\_[0-9]+\\\/$"]}],"webviewParameter":{"titleNView":{"buttons":[{"text":"\ue602","float":"right","fontSize":"27px","fontSrc":"_www\/__wap2app.ttf","onclick":"javascript:plus.webview.getWebviewById('wen_detail').evalJS('wap2app&&wap2app.openShare()')"}]},"appendCss":"header.bk-header,nav.navigation,section.searchbox,section.panel,footer.footer{display:none;}"}},{"webviewId":"shiwu_detail","matchUrls":[{"pathname":["^\\\/shiwu\\\/[a-z]+"]}],"webviewParameter":{"titleNView":{"buttons":[{"text":"\ue602","float":"right","fontSize":"27px","fontSrc":"_www\/__wap2app.ttf","onclick":"javascript:plus.webview.getWebviewById('shiwu_detail').evalJS('wap2app&&wap2app.openShare()')"}]},"appendCss":"header.bk-header.fixed,section.panel{display:none;}.main.top44{margin-top:0;}"}},{"webviewId":"qf_index","matchUrls":[{"hostname":["^m\\.58qf\\.com$"],"pathname":["^\\\/[a-z]+$"]}],"webviewParameter":{"titleNView":{"titleText":"58\u4f01\u670d"},"appendCss":"div.header_m,div.sez_blank{display:none;}"}},{"webviewId":"qf_all","matchUrls":[{"hostname":["^m\\.58qf\\.com$"],"pathname":["^\\\/[a-z]+\\\/allservice$"]}],"webviewParameter":{"titleNView":{"titleText":"\u5168\u90e8\u670d\u52a1"},"appendCss":"div.header_m,div.sez_blank{display:none;}"}},{"webviewId":"qf_detail","matchUrls":[{"hostname":["^m\\.58qf\\.com$"],"pathname":["^\\\/[a-z]+\\\/(?!ordersub|mediareport)[a-z]+"]}],"webviewParameter":{"titleNView":{"buttons":[{"text":"\ue602","float":"right","fontSize":"27px","fontSrc":"_www\/__wap2app.ttf","onclick":"javascript:plus.webview.getWebviewById('qf_detail').evalJS('wap2app&&wap2app.openShare()')"}]},"appendCss":"div.header_m,div.sez_blank{display:none;}"}},{"webviewId":"qf_order","matchUrls":[{"hostname":["^m\\.58qf\\.com$"],"pathname":["^\\\/[a-z]+\\\/ordersub"]}],"webviewParameter":{"titleNView":{"titleText":"\u63d0\u4ea4\u9700\u6c42"},"appendCss":"div.header_m,div.sez_blank{display:none;}"}},{"webviewId":"qf_media_report","matchUrls":[{"hostname":["^m\\.58qf\\.com$"],"pathname":["^\\\/[a-z]+\\\/mediareport"]}],"webviewParameter":{"titleNView":{"titleText":"\u5a92\u4f53\u62a5\u9053"},"appendCss":"div.header_m,div.sez_blank{display:none;}"}},{"webviewId":"im","matchUrls":[{"hostname":["^kefu\\.easemob\\.com$"],"pathname":["^\\\/webim\\\/im\\.html$"]}],"webviewParameter":{"titleNView":{"titleText":"\u5728\u7ebf\u54a8\u8be2"},"appendCss":"body.theme-3 .border-color{display:none;}#em-kefu-webim-chat .chat-wrapper{top:0;}"}},{"webviewId":"common","matchUrls":[{"hostname":[".*"],"pathname":[".*"]}]}],"version":"031da200e37512155415c0a8a322ab85"}