{"launch_path":"https:\/\/m.jd.com\/","match":[{"domain":"jd.com","rule":".*"},{"domain":"jd.hk","rule":".*"}],"global":{"webviewParameter":{"titleNView":{"autoBackButton":"true","backgroundColor":"#efefef","titleColor":"#222","titleSize":"18px"},"appendCss":".m-header-swiper-con,.m_head_swiper,.coupon-header,.jd-index-header,.promo_module.promo_banner,.download-app-seize,.section.section-45,.header,.head,#m_common_header,#loginOneStep,#J_download,.ax,.order-down-info,.m_common_new_top #content,.download-block-middle,#downloadBM,#app_go,#duobao_down_hide1,.jd-footer-platforms,.jd-footer-copyright,#yingyongtuijian,#topheader,.ah,#download_banner,[data-floornum='5'] li:nth-child(4),#header,#m_common_bottom,.m_header,#open-app-btn,.open-app,.jd-header,.bg-button,.qq_footer{display:none!important}.shop-desc-l .shop-name{top: 2px;}"}},"pages":[{"webviewId":"__W2A__m.sjjd.com","matchUrls":[{"hostname":["^m\\.jd\\.com$"],"pathname":["^\\\/?$","\\\/sem\\.php"]}],"webviewParameter":{"titleNView":false}},{"webviewId":"pages\/simple\/jingdongdaojia","matchUrls":[{"hostname":["^daojia\\.jd\\.com$"],"pathname":["^\\\/html\\\/index\\.html$"]}],"webviewParameter":{"titleNView":{"titleText":"\u4eac\u4e1c\u5230\u5bb6"}}},{"webviewId":"pages\/simple\/wxpay","matchUrls":[{"hostname":["^wx\\.tenpay\\.com$"],"pathname":["^\\\/cgi-bin\\\/mmpayweb-bin\\\/checkmweb$"]}]},{"webviewId":"pages\/login\/login","matchUrls":[{"pathname":["^\\\/user\\\/login\\.action$"]}],"webviewParameter":{"titleNView":{"titleText":"\u4eac\u4e1c\u767b\u5f55"},"appendCss":"#header,#loginOneStep,.quick-wx{display:none!important}"}},{"webviewId":"pages\/simple\/portalfresh","matchUrls":[{"pathname":["^\\\/portal\\\/wx\\\/fresh\\\/m188\\.html$","^\\\/portal\\\/wx\\\/fresh\\\/mcoupon\\.html$"]}]},{"webviewId":"pages\/viewport\/jdcs","matchUrls":[{"pathname":["^\\\/mall\\\/active\\\/2hqsQcyM5bEUVSStkN3BwrBHqVLd\\\/index\\.html$","^\\\/active\\\/2hqsQcyM5bEUVSStkN3BwrBHqVLd\\\/index\\.html$","^\\\/2hqsQcyM5bEUVSStkN3BwrBHqVLd\\\/index\\.html$"]}],"webviewParameter":{"titleNView":false,"statusbar":{"background":"#efefef"},"appendCss":".jd-header-bar{background:#efefef!important}#m_common_header{position: fixed;width: 100%;top: 0px;z-index: 100;}#J_download{display:none!important}.rush_pd_tab.pd_5x.fixed .rush_pd_nav_wrap,.anchor_navigation_wrap.fixed,.dropdown_pd_tab.fixed .dropdown_pd_nav_wrap{top:44px!important}"},"easyConfig":{"back":{"history":false}}},{"webviewId":"jdcs_search","matchUrls":[{"pathname":["^\\\/market\\\/searchJDMarket\\.action$","^\\\/brand\\\/searchBrandSale\\.action$"]}],"webviewParameter":{"titleNView":false,"statusbar":{"background":"#efefef"},"appendCss":""}},{"webviewId":"chatindex","matchUrls":[{"pathname":["^\\\/chat\\\/index\\.action$"]}],"webviewParameter":{"titleNView":{"titleText":"\u6211\u7684\u5ba2\u670d"},"appendCss":".head{display:none!important}.top-info{top: 0px!important}"}},{"webviewId":"quanqiugou","matchUrls":[{"pathname":["^\\\/mall\\\/active\\\/3YvKJrc4e4WK7aZ46j3h5UMCvEn4\\\/index\\.html$"]}],"webviewParameter":{"titleNView":{"titleText":"\u5168\u7403\u8d2d"}},"easyConfig":{"back":{"history":false}}},{"webviewId":"fuzhuangcheng","matchUrls":[{"pathname":["^\\\/mall\\\/active\\\/3GTca2WsjgRdohGtJCUnWB3bDs8o\\\/index\\.html$","^\\\/active\\\/3GTca2WsjgRdohGtJCUnWB3bDs8o\\\/index\\.html$","^\\\/3GTca2WsjgRdohGtJCUnWB3bDs8o\\\/index\\.html$"]}]},{"webviewId":"jdshengxian","matchUrls":[{"pathname":["^\\\/mall\\\/active\\\/4Sa8QGJDMDZ66NzYajpSe4GmeUn2\\\/index\\.html$","^\\\/active\\\/4Sa8QGJDMDZ66NzYajpSe4GmeUn2\\\/index\\.html$","^\\\/4Sa8QGJDMDZ66NzYajpSe4GmeUn2\\\/index\\.html$"]}]},{"webviewId":"dongjiacai","matchUrls":[{"pathname":["^\\\/page\\\/home$"]}]},{"webviewId":"pagedish","matchUrls":[{"pathname":["^\\\/page\\\/dish\\\/[0-9]+"]}]},{"webviewId":"pages\/viewport\/jdchongzhi","matchUrls":[{"hostname":["^cz\\.m\\.jd\\.com$","^newcz\\.m\\.jd\\.com$"],"pathname":["^\\\/$"]}],"webviewParameter":{"titleNView":{"titleText":"\u5145\u503c"}}},{"webviewId":"oilcard","matchUrls":[{"hostname":["^oilcard\\.m\\.jd\\.com$"],"pathname":["^\\\/$"]}],"webviewParameter":{"titleNView":{"titleText":"\u52a0\u6cb9\u5361\u5145\u503c"}}},{"webviewId":"pages\/viewport\/lingquanzhongxin","matchUrls":[{"pathname":["^\\\/center\\\/getCouponCenter\\.action$","^\\\/center\\\/getCouponCenter$"]}],"webviewParameter":{"titleNView":{"titleText":"\u9886\u5238\u4e2d\u5fc3"}}},{"webviewId":"pages\/viewport\/zhongchou","matchUrls":[{"pathname":["^\\\/aggregateIndex\\.html$"]}],"webviewParameter":{"titleNView":{"titleText":"\u4f17\u7b79"}}},{"webviewId":"userquan","matchUrls":[{"pathname":["^\\\/ware\\\/getWareCollection$"]}]},{"webviewId":"findgoods","matchUrls":[{"pathname":["^\\\/findgoods\\\/index\\.action$"]}],"webviewParameter":{"titleNView":{"titleText":"\u53d1\u73b0\u597d\u8d27"}}},{"webviewId":"findgoodsdetail","matchUrls":[{"pathname":["^\\\/findgoods\\\/detail\\.action$"]}],"webviewParameter":{"titleNView":{"titleText":"\u53d1\u73b0\u597d\u8d27"}}},{"webviewId":"pages\/viewport\/jingdongmiaosha","matchUrls":[{"pathname":["^\\\/seckill\\\/seckillList$","^\\\/seckill\\\/seckillBrand$","^\\\/seckill\\\/seckillNewBrand$","^\\\/seckill\\\/seckillDiscountShop$"]}],"webviewParameter":{"titleNView":{"titleText":"\u4eac\u4e1c\u79d2\u6740"}},"easyConfig":{"back":{"history":false}}},{"webviewId":"seckillNewBrandGoods","matchUrls":[{"pathname":["^\\\/seckill\\\/seckillNewBrandGoods$"]}],"webviewParameter":{"titleNView":{"titleText":"\u54c1\u724c\u79d2\u6740"},"appendCss":"#backHeaderFix,.jd-header{display:none!important}"}},{"webviewId":"seckillBrandGoods","matchUrls":[{"pathname":["^\\\/seckill\\\/seckillBrandGoods$"]}],"webviewParameter":{"titleNView":{"titleText":"\u4eac\u4e1c\u79d2\u6740"}}},{"webviewId":"shangou","matchUrls":[{"hostname":["^red\\.m\\.jd\\.com$"],"pathname":["^\\\/m\\\/index\\.html$","^\\\/app\\\/index\\.html$","^\\\/m\\\/finalsale\\.html$","^\\\/m\\\/[0-9]+\\.html\\\/?$"]}],"webviewParameter":{"titleNView":{"titleText":"\u4eac\u4e1c\u95ea\u8d2d"},"appendCss":"#jd-nav,#jd-header{display:none!important}"},"easyConfig":{"back":{"history":false}}},{"webviewId":"paihangbang","matchUrls":[{"pathname":["^\\\/ranklist\\\/hotSaleRankList\\.action$"]}],"webviewParameter":{"titleNView":{"titleText":"\u6392\u884c\u699c"}}},{"webviewId":"pages\/search\/categoryall","matchUrls":[{"pathname":["^\\\/category\\\/all\\.html$"]}],"webviewParameter":{"subNViews":"pages\/search\/search.nview","titleNView":false,"statusbar":{"background":"#efefef"},"appendCss":".jd-header-bar{background:#efefef!important}"}},{"webviewId":"activefaxian","matchUrls":[{"pathname":["^\\\/active\\\/faxian\\\/list\\\/article-list\\.html$"]}],"easyConfig":{"back":{"before":[{"popupSelector":".down-navi","closeSelector":".arrow-up"}]}}},{"webviewId":"pages\/simple\/faxianinnerpage","matchUrls":[{"pathname":["^\\\/active\\\/faxian\\\/html\\\/innerpage\\.html$"]}],"webviewParameter":{"titleNView":{"autoBackButton":"true","buttons":[{"float":"right","fontSrc":"__wap2app.ttf","fontSize":"23px","text":"\ue602","onclick":"javascript:var c = plus.webview.getWebviewById('pages\/simple\/faxianinnerpage');c.evalJS('wap2app.openShare()');"}],"backgroundColor":"#efefef","titleColor":"#222","titleSize":"17px"}}},{"webviewId":"fenleiliebiao","matchUrls":[{"pathname":["^\\\/active\\\/4Q17tWNA6cCZfJcVDk8kTKsB7JBw\\\/index\\.html$"]}]},{"webviewId":"zbsj","matchUrls":[{"pathname":["^\\\/3ZPQ7sqygdsEPzLqwKGs6pJRsJ7D\\\/index\\.html$"]}]},{"webviewId":"pages\/search\/search","matchUrls":[{"pathname":["^\\\/list\\\/cartSearch\\.action$","^\\\/list\\\/couponSearch\\.action$","^\\\/ware\\\/search\\.action$","^\\\/products\\\/([0-9]+)-([0-9]+)-([0-9]+)\\.html$"]}],"webviewParameter":{"subNViews":"pages\/search\/search.nview","titleNView":false,"statusbar":{"background":"#efefef"},"appendCss":".jd-header-bar{background:#efefef!important}body{padding-top: 0px!important;}#layout_appdown_view{display:none!important}#search1{height:127px!important}"}},{"webviewId":"qtlist","matchUrls":[{"pathname":["^\\\/qt\\\/list\\.html$"]}]},{"webviewId":"index1000","matchUrls":[{"pathname":["^\\\/ch\\\/index-[0-9]+\\.htm$"]}]},{"webviewId":"huishou","matchUrls":[{"hostname":["^m\\.huishou\\.jd\\.com$"],"pathname":["^\\\/$"]}]},{"webviewId":"faxianinventorythree","matchUrls":[{"pathname":["^\\\/active\\\/faxian\\\/inventory\\\/index\\.html$"]}],"webviewParameter":{"appendCss":"#m_head_top,.m_head_swiper{display:none!important}"}},{"webviewId":"duobao","matchUrls":[{"pathname":["^\\\/duobao\\\/index\\.html$"]}]},{"webviewId":"duobaosearch","matchUrls":[{"pathname":["^\\\/duobao\\\/activity\\\/discount\\.html$","^\\\/duobao\\\/activity\\\/pinpaijie\\.html$","^\\\/duobao\\\/classify\\\/classify\\.html$","^\\\/duobao\\\/search\\\/search_start\\.html$","^\\\/duobao\\\/cart\\\/shopping_cart\\.html$","^\\\/duobao\\\/interest\\\/interest\\.html$","^\\\/duobao\\\/my\\\/pai_over\\.html$"]}]},{"webviewId":"duobaobanner","matchUrls":[{"pathname":["^\\\/cdn\\\/[0-9]+\\\/files\\\/idc-[0-9]+\\.shtml$"]}]},{"webviewId":"duobaodetail","matchUrls":[{"pathname":["^\\\/duobao\\\/item\\\/detail\\.html$"]}]},{"webviewId":"shejishi","matchUrls":[{"pathname":["^\\\/mall\\\/active\\\/4VVhmQT7vbXScFJ89ALyUippzkw6\\\/index\\.html$","^\\\/active\\\/2Wdk7ccoE7Y8LgHFPh9MXSsLXBhX\\\/index\\.html$","^\\\/active\\\/4Qv7ArcYWtiwNdupNaRkSc9cLgkm\\\/index\\.html$"]}]},{"webviewId":"jdpageone_fixbottom","matchUrls":[{"pathname":["^\\\/mall\\\/active\\\/3wX17ys13EaDtijVP6KnfrBucNhV\\\/index\\.html$","^\\\/active\\\/3wX17ys13EaDtijVP6KnfrBucNhV\\\/index\\.html$","^\\\/active\\\/vsJurNMLwnnt9eECbAT2kb4PJe7\\\/index\\.html$","^\\\/mall\\\/active\\\/vsJurNMLwnnt9eECbAT2kb4PJe7\\\/index\\.html$","^\\\/active\\\/3ERYagkof4iRKmjzVYcxUE7tM8L8\\\/index\\.html$","^\\\/odgLvES1dsSr2gDD79sDGBELvSo\\\/index\\.html$","^\\\/active\\\/2QYwVrMZEDdfuAjGRVDHD4fLs69A\\\/index\\.html$","^\\\/active\\\/49zPJ9HagL8mMA4FCha2vbZ2Rhao\\\/index\\.html$","^\\\/mall\\\/active\\\/2QYwVrMZEDdfuAjGRVDHD4fLs69A\\\/index\\.html$","^\\\/active\\\/rR875fdAAYadQXRbVKyJ3kAsQ5J\\\/index\\.html$","^\\\/active\\\/4VVhmQT7vbXScFJ89ALyUippzkw6\\\/index\\.html$","^\\\/active\\\/EGJrsLfMN51LYvzHWveq7m2fFb6\\\/index\\.html$","^\\\/mall\\\/active\\\/EGJrsLfMN51LYvzHWveq7m2fFb6\\\/index\\.html$","^\\\/active\\\/2aEg24zZRbXDdboPE1XYHBgDKDjw\\\/index\\.html$","^\\\/active\\\/mr21HUo63MWurT76hNSyxQcuz7F\\\/index\\.html$","^\\\/active\\\/31yw4fWdU7HMFgMJKk2An5M3cggB\\\/index\\.html$","^\\\/active\\\/B5nbBHuCjfNkWN1nocNkawR2E8N\\\/index\\.html$","^\\\/active\\\/UHS7se1t9jmgCRsf8qdFCn2bc2A\\\/index\\.html$","^\\\/mall\\\/active\\\/odgLvES1dsSr2gDD79sDGBELvSo\\\/index\\.html$","^\\\/mall\\\/active\\\/3ERYagkof4iRKmjzVYcxUE7tM8L8\\\/index\\.html$","^\\\/mall\\\/active\\\/49zPJ9HagL8mMA4FCha2vbZ2Rhao\\\/index\\.html$","^\\\/mall\\\/active\\\/rR875fdAAYadQXRbVKyJ3kAsQ5J\\\/index\\.html$","^\\\/mall\\\/active\\\/B5nbBHuCjfNkWN1nocNkawR2E8N\\\/index\\.html$","^\\\/mall\\\/active\\\/4GHoGdqkfzgnNPPzf7mLNC2R7XyV\\\/index\\.html$","^\\\/mall\\\/active\\\/UHS7se1t9jmgCRsf8qdFCn2bc2A\\\/index\\.html$","^\\\/mall\\\/active\\\/3fyhk5R7ofdvcV5CpjEZQjHRtkZu\\\/index\\.html$","^\\\/mall\\\/active\\\/mr21HUo63MWurT76hNSyxQcuz7F\\\/index\\.html$","^\\\/mall\\\/active\\\/dj6us2JJRLMMBb4iDaSK4wxvBMt\\\/index\\.html$"]}]},{"webviewId":"sjsmg","matchUrls":[{"pathname":["^\\\/mall\\\/active\\\/31yw4fWdU7HMFgMJKk2An5M3cggB\\\/index\\.html$"]}],"webviewParameter":{"appendCss":"#content_84,#m_common_header,.J_ping.search_icon_1.no_bg_img{display:none!important}"}},{"webviewId":"jdpageone","matchUrls":[{"pathname":["^\\\/\\\/index\\.html$","^\\\/active\\\/cG1FM5FQ3axST5UvDnfQoioS48V\\\/index\\.html$","^\\\/mall\\\/active\\\/3Z9whzYGExieBAb5or16SbAu5kof\\\/index\\.html$","^\\\/active\\\/3Z9whzYGExieBAb5or16SbAu5kof\\\/index\\.html$","^\\\/active\\\/39tRxwbWYm9g9kA4YUUuesBd8Xmb\\\/index\\.html$","^\\\/active\\\/nesEYxmWJ9qWBakbB4XHGUvibN8\\\/index\\.html$","^\\\/active\\\/3ZPQ7sqygdsEPzLqwKGs6pJRsJ7D\\\/index\\.html$","^\\\/active\\\/2LEdooAEj6U8d3YqLCad4hEsnCjg\\\/index\\.html$","^\\\/active\\\/3T5cRtbNGLCup5fWF7tMQzM9wVPa\\\/index\\.html$","^\\\/mall\\\/active\\\/3xwYQ54Lg9o6sbU5WwV4ACi1VVT8\\\/index\\.html$","^\\\/mall\\\/active\\\/nesEYxmWJ9qWBakbB4XHGUvibN8\\\/index\\.html$","^\\\/mall\\\/active\\\/39tRxwbWYm9g9kA4YUUuesBd8Xmb\\\/index\\.html$","^\\\/mall\\\/active\\\/3T5cRtbNGLCup5fWF7tMQzM9wVPa\\\/index\\.html$","^\\\/mall\\\/active\\\/icTjaGCfgvk53N36uZFX7WLBoTK\\\/index\\.html$","^\\\/active\\\/z8FKeoMiafo6q53zTNgDGupT48M\\\/index\\.html$","^\\\/active\\\/3VtAJRP2joktqGEyTzyF4NEmXEBe\\\/index\\.html$"]}]},{"webviewId":"jdpageone_1","matchUrls":[{"pathname":["^\\\/active\\\/21YGvd86Atw6zoeTz3Lg2KbKWGok\\\/index\\.html$","^\\\/active\\\/44MwxAwyvxrc4MR6nYQDnsScUEig\\\/index\\.html$","^\\\/active\\\/4WJ7khQwbD4LXaptaLKP8mUP9fpA\\\/index\\.html$","^\\\/active\\\/zGwAUzL3pVGjptBBGeYfpKjYdtX\\\/index\\.html$","^\\\/active\\\/4DQQCh6o4tBsVeRSYd7Mkw7qSekR\\\/index\\.html$","^\\\/active\\\/2BcJPCVVzMEtMUynXkPscCSsx68W\\\/index\\.html$","^\\\/good\\\/goodShops$","^\\\/active\\\/faxian\\\/inventory-list\\\/index\\.html$","^\\\/active\\\/4GDgme4hkQyp46uSRtmrbtsspWZK\\\/index\\.html$","^\\\/active\\\/2WgiuefFEuSGcCwtk8vnUvrTPFf\\\/index\\.html$","^\\\/mall\\\/active\\\/4DQQCh6o4tBsVeRSYd7Mkw7qSekR\\\/index\\.html$","^\\\/mall\\\/active\\\/zGwAUzL3pVGjptBBGeYfpKjYdtX\\\/index\\.html$","^\\\/active\\\/4EeRq5yD6YgDYEvSbx8XdaAedSDq\\\/index\\.html$","^\\\/mall\\\/active\\\/4EeRq5yD6YgDYEvSbx8XdaAedSDq\\\/index\\.html$"]}]},{"webviewId":"jdpagetwo_fixbottom","matchUrls":[{"pathname":["^\\\/mall\\\/active\\\/2J8vapnDJzUzCFm2P1iXREueubKG\\\/index\\.html$","^\\\/active\\\/2J8vapnDJzUzCFm2P1iXREueubKG\\\/index\\.html$","^\\\/active\\\/36mmbUtp7fzFET7rmj9eN1Z5CDBm\\\/index\\.html$","^\\\/active\\\/3w92GLkTNWF5TwEcVpcgNbob5Qn8\\\/index\\.html$","^\\\/active\\\/3ZZxrjzEhFu3zHhec3BPTx3ZzUQi\\\/index\\.html$"]}]},{"webviewId":"jdpagetwo_s","matchUrls":[{"pathname":["^\\\/m\\\/top\\.html$","^\\\/m\\\/seckill\\.html$","^\\\/m\\\/coupon\\.html$","^\\\/m\\\/foreshow\\.html$","^\\\/active\\\/4G4nJ29U5jXE3UwBPs4ixTqfQWhH\\\/index\\.html$","^\\\/active\\\/36ECsU17gYq7d7A8p4kEbq4yr5Y8\\\/index\\.html$","^\\\/active\\\/uLvg3B1WAym4tpoSgmtNrM9bs8h\\\/index\\.html$","^\\\/active\\\/kytriaTba27xSDi3BFwdwkj2aou\\\/index\\.html$"]}]},{"webviewId":"play3c_recover","matchUrls":[{"pathname":["^\\\/active\\\/YJCfnT76eNXBc3oNUorUhgrEfTA\\\/index\\.html$","^\\\/h5\\\/index\\.html$"]}],"easyConfig":{"back":{"history":false}}},{"webviewId":"jdpagethree","matchUrls":[{"pathname":["^\\\/mall\\\/active\\\/4762iK5f2XLnDDT6LSdSgHirSvLu\\\/index\\.html$","^\\\/active\\\/2L4ZzgCxMbVQiosXTuYTiHmaj6pK\\\/index\\.html$","^\\\/active\\\/4762iK5f2XLnDDT6LSdSgHirSvLu\\\/index\\.html$","^\\\/active\\\/3hvS6ZLopDwJb4WxJLcL3Ja7YbXE\\\/index\\.html$","^\\\/active\\\/44ziPtJqTL6FQq4ppm9CHpU8dRZY\\\/index\\.html$","^\\\/active\\\/3Gdz4qdsXYuoXVfHNQ16moZjq69S\\\/index\\.html$","^\\\/mall\\\/active\\\/2aknpazyrzYZj3gzFeHM9WW3sxXW\\\/index\\.html$","^\\\/dev\\\/2RcHLDbtMQRUyCgR2Wgg1DHtGjTA\\\/index\\.html$","^\\\/active\\\/49YjpUsLBEk2tKwzbPPromYHRH5D\\\/index\\.html$","^\\\/active\\\/2qLbwfDjhJDycgNTTxX1sFq5hJ24\\\/index\\.html$","^\\\/active\\\/3sG1XEjaNHSmQBMf8vVbjpxe1Yd4\\\/index\\.html$","^\\\/active\\\/4LfSShXPG2mc7yCkszMt7GhHmUSa\\\/index\\.html$","^\\\/active\\\/25gXSJjntTFySRbhaHt6mejsarm3\\\/index\\.html$","^\\\/active\\\/4LfSShXPG2mc7yCkszMt7GhHmUSa\\\/index\\.html$","^\\\/active\\\/zSxWNCFG6RYr4iGvbshQL2pU9GT\\\/index\\.html$","^\\\/active\\\/368byKmXwznBuAzB59dUKsPsqpcY\\\/index\\.html$","^\\\/active\\\/2TeLcgExLZNB6nGXXqWB6jNmLAq8\\\/index\\.html$","^\\\/active\\\/2MUYSw6ytZiowd6nS9d2oDfaiAou\\\/index\\.html$","^\\\/active\\\/2E5i2dQGPddK1f3544hKHR5QkRkb\\\/index\\.html$","^\\\/active\\\/Q1WmhjcHgd6Vb5aS1SnU1FcAbwA\\\/index\\.html$","^\\\/active\\\/UfFuX59jfrm4C2Tu2owFFCXyj4y\\\/index\\.html$","^\\\/active\\\/37LokqrMGiEiKKPXEYD8p9CLZe5r\\\/index\\.html$","^\\\/active\\\/35hzY7aazpRmBD7wxEqqATyucX35\\\/index\\.html$"]}]},{"webviewId":"jdpagethree_two","matchUrls":[{"pathname":["^\\\/sam\\\/myCard\\.action$","^\\\/sign\\\/signlist$","^\\\/active\\\/37XMdybidrorit5e2uX7RXViRjko\\\/index\\.html$"]}]},{"webviewId":"jdpagethree_two","matchUrls":[{"pathname":["^\\\/sam\\\/myCard\\.action$","^\\\/sign\\\/signlist$","^\\\/active\\\/37XMdybidrorit5e2uX7RXViRjko\\\/index\\.html$"]}]},{"webviewId":"play3c","matchUrls":[{"pathname":["^\\\/active\\\/3U3WrvPX9s6sKP9Pa8ymBHXo8jgo\\\/index\\.html$"]}]},{"webviewId":"pages\/simple\/jdpagetwo","matchUrls":[{"pathname":["^\\\/active\\\/\\w*\\\/index\\.html.*","^\\\/mall\\\/active\\\/\\w*\\\/index\\.html.*"]}]},{"webviewId":"jdpagetwo_two","matchUrls":[{"pathname":["^\\\/active\\\/\\w*\\\/pages\\\/[0-9]+\\\/index\\.html$"]}]},{"webviewId":"jdpagetwo_meishi","matchUrls":[{"pathname":["^\\\/active\\\/4Er1i7zVCh5yjimmne45gK7vbDw8\\\/index\\.html$","^\\\/active\\\/38RK4MER2bxj9Pj3FC5TRTBKozvs\\\/index\\.html$"]}],"easyConfig":{"back":{"history":false}}},{"webviewId":"pages\/simple\/shop","matchUrls":[{"hostname":["^shop\\.m\\.jd\\.com$"],"pathname":["^\\\/$"]}],"webviewParameter":{"subNViews":"pages\/simple\/shop.nview","statusbar":{"background":"#efefef"},"titleNView":false}},{"webviewId":"searchShop","matchUrls":[{"pathname":["^\\\/shop\\\/searchShop\\.action$"]}],"webviewParameter":{"statusbar":{"background":"#efefef"},"titleNView":false,"appendCss":"body{padding-top: 45px!important;}#layout_head{position: fixed!important;height: 45px;left: 0px;top: 0px;}"}},{"webviewId":"shopsearch","matchUrls":[{"pathname":["^\\\/search$","^\\\/search\\\/search$"]}],"webviewParameter":{"subNViews":"pages\/simple\/shop.nview","statusbar":{"background":"#efefef"},"titleNView":false}},{"webviewId":"pages\/simple\/JIMI","matchUrls":[{"hostname":["^jimi\\.m\\.jd\\.com$"],"pathname":["^\\\/$"]}]},{"webviewId":"pages\/simple\/merchant","matchUrls":[{"pathname":["^\\\/merchant\\\/index$"]}]},{"webviewId":"isheji","matchUrls":[{"hostname":["^e\\.m\\.jd\\.com$"],"pathname":["^\\\/$"]}]},{"webviewId":"zhongchou","matchUrls":[{"pathname":["^\\\/mp\\\/gather$","^\\\/jdbt\\\/newcoupons\\\/coupon-list\\.html$","^\\\/m\\\/act\\\/XfwEh3vrlu\\.html$","^\\\/active\\\/download\\\/download\\.html$"]}]},{"webviewId":"categorylist","matchUrls":[{"pathname":["^\\\/category\\\/list\\.action$"]}]},{"webviewId":"detaildetail","matchUrls":[{"pathname":["^\\\/detail\\\/detail$"]}]},{"webviewId":"pages\/product\/product","matchUrls":[{"hostname":["^item\\.m\\.jd\\.com$","^m\\.jd\\.com$","^ccc-x\\.jd\\.com$","^mitem\\.jd\\.hk$","^union-click\\.jd\\.com$","^www\\.dcloud\\.io$","^sale\\.jd\\.com$"],"pathname":["^\\\/ware\\\/view\\.action$","^\\\/jdc$","^\\\/shoujijingdong\\\/scan\\.html$"]}],"webviewParameter":{"subNViews":"pages\/product\/detail.nview","statusbar":{"background":"#efefef"},"titleNView":false}},{"webviewId":"wuwujieshao","matchUrls":[{"pathname":["^\\\/finance\\\/mobile\\\/insurance\\\/warrantyServiceDesc\\\/html\\\/warrantyExtension\\.html$"]}],"webviewParameter":{"appendCss":"#wrapper{top:0px!important}#m_common_header3,.jd-header{display:none!important}"}},{"webviewId":"newCommentDetailPicShow","matchUrls":[{"pathname":["^\\\/ware\\\/newCommentDetailPicShow\\.action$"]}],"webviewParameter":{"appendCss":"","statusbar":{"background":"#efefef"},"titleNView":false}},{"webviewId":"consultations","matchUrls":[{"pathname":["^\\\/consultations\\\/[0-9]+\\.html$"]}]},{"webviewId":"pages\/cartpay\/cart","matchUrls":[{"pathname":["^\\\/cart\\\/cart\\.action$","^\\\/cart\\\/addWares\\.action$"]}],"webviewParameter":{"titleNView":{"titleText":"\u8d2d\u7269\u8f66"},"appendJs":"_www\/js\/cart.js","appendCss":"#header,#loginOneStep,.quick-login,.order-down-info,#m_common_header,.download-pannel.download-noBg,.m_header,#layout_urlblack,#m_header{display:none!important}"}},{"webviewId":"pages\/cartpay\/order","matchUrls":[{"pathname":["^\\\/norder\\\/order\\.action$"]}],"webviewParameter":{"titleNView":{"titleText":"\u586b\u5199\u8ba2\u5355"}}},{"webviewId":"wait4Deliveryaction","matchUrls":[{"pathname":["^\\\/user\\\/orderTracking\\.action$","^\\\/myJd\\\/order\\\/track\\.action$"]}],"webviewParameter":{"titleNView":{"titleText":"\u8ba2\u5355\u8ddf\u8e2a"}}},{"webviewId":"pages\/myjd\/address","matchUrls":[{"pathname":["^\\\/norder\\\/address\\.action$"]}],"webviewParameter":{"titleNView":{"titleText":"\u6536\u8d27\u5730\u5740"},"appendCss":".jd-index-header{display:none}"}},{"webviewId":"editAddress1","matchUrls":[{"pathname":["^\\\/norder\\\/editAddress\\.action$"]}],"webviewParameter":{"titleNView":{"titleText":"\u7f16\u8f91\u6536\u8d27\u5730\u5740"},"appendCss":".jd-index-header{display:none}"}},{"webviewId":"pages\/cartpay\/norder_step","matchUrls":[{"pathname":["^\\\/norder\\\/invoice\\.action$","^\\\/norder\\\/couponsNewRule\\.action$","^\\\/norder\\\/payShipment\\.action$"]}]},{"webviewId":"nordercommodityInfo","matchUrls":[{"pathname":["^\\\/norder\\\/commodityInfo\\.action$"]}],"webviewParameter":{"titleNView":{"titleText":"\u5546\u54c1\u6e05\u5355"}}},{"webviewId":"pages\/cartpay\/norder_step_","matchUrls":[{"pathname":["^\\\/newAllOrders\\\/queryOrderDetailInfo\\.action$"]}],"webviewParameter":{"titleNView":{"titleText":"\u8ba2\u5355\u8be6\u60c5"},"appendCss":"#m_common_header,.order-down-info,.coupon-header,.jd-index-header,.m_header{display:none!important}"}},{"webviewId":"pages\/simple\/giftcards","matchUrls":[{"pathname":["^\\\/norder\\\/giftcards\\.action$"]}],"webviewParameter":{"titleNView":{"titleText":"\u9009\u62e9\u4eac\u4e1c\u5361\/E\u5361"}}},{"webviewId":"jdpaypayCashier","matchUrls":[{"pathname":["^\\\/jdpay\\\/payCashier$"]}]},{"webviewId":"pages\/cartpay\/mobilepay","matchUrls":[{"pathname":["^\\\/norder\\\/payOnLine\\.action$","^\\\/pay\\\/pay\\.action$","^\\\/cpay\\\/index\\.html$"]}],"webviewParameter":{"titleNView":{"titleText":"\u4eac\u4e1c\u6536\u94f6\u53f0"}}},{"webviewId":"pages\/cartpay\/mobilepayfinish","matchUrls":[{"pathname":["^\\\/cpay\\\/finish\\.html$","^\\\/cpay\\\/finish\\\/finish\\.html$","^\\\/order\\\/paysuc\\.shtml$"]}],"webviewParameter":{"titleNView":{"titleText":"\u8ba2\u5355\u652f\u4ed8\u6210\u529f"}}},{"webviewId":"pages\/cartpay\/mobilepay_hdfk","matchUrls":[{"pathname":["^\\\/norder\\\/successOrder\\.action$"]}],"webviewParameter":{"titleNView":{"titleText":"\u8ba2\u5355\u7ed3\u679c"}}},{"webviewId":"pages\/myjd\/myJd","matchUrls":[{"pathname":["^\\\/myJd\\\/home\\.action$","^\\\/myJd\\\/newhome\\.action$"]}],"webviewParameter":{"titleNView":{"titleText":"\u6211\u7684\u4eac\u4e1c"},"appendCss":"#m_common_header,#fenxianglaxin,#m_common_bottom,#yingyongtuijian{display:none!important}"}},{"webviewId":"pages\/myjd\/mywallet","matchUrls":[{"pathname":["^\\\/wallet\\\/wallet\\.action$","^\\\/wallet\\\/jingBeanBalance\\.action$","^\\\/wallet\\\/balance\\.action$","^\\\/wallet\\\/coupons\\.action$","^\\\/wallet\\\/giftCards\\.action$"]}],"webviewParameter":{"appendCss":"#m_common_header,#m_common_bottom,.jd-header{display:none}"}},{"webviewId":"getWareCollection","matchUrls":[{"pathname":["^\\\/ware\\\/getWareCollection\\.action$"]}],"webviewParameter":{"titleNView":{"titleText":"\u4fc3\u9500\u5546\u54c1"}}},{"webviewId":"optionGiftCard","matchUrls":[{"pathname":["^\\\/card\\\/optionGiftCard\\.action$"]}],"webviewParameter":{"titleNView":{"titleText":"\u7ed1\u5b9a\u4eac\u4e1c\u5361\/E\u5361"}}},{"webviewId":"getCancelProgressInfo","matchUrls":[{"pathname":["^\\\/newAllOrders\\\/getCancelProgressInfo\\.action$"]}],"webviewParameter":{"titleNView":{"titleText":"\u53d6\u6d88\/\u9000\u6b3e\u8fdb\u5ea6"}}},{"webviewId":"getSurveyById","matchUrls":[{"pathname":["^\\\/user\\\/getSurveyById\\.action$"]}],"webviewParameter":{"titleNView":{"titleText":"\u8bc4\u4ef7"}}},{"webviewId":"myfocusfocusWare","matchUrls":[{"pathname":["^\\\/my\\\/follows$","^\\\/myJd\\\/myFocus\\\/focusWare\\.action$","^\\\/myJd\\\/myFocus\\\/newFocusWare\\.action$"]}],"webviewParameter":{"titleNView":{"titleText":"\u6211\u7684\u5173\u6ce8"}},"easyConfig":{"back":{"history":false}}},{"webviewId":"myjdsimilarlist","matchUrls":[{"pathname":["^\\\/myjd\\\/similar\\\/list\\.action$"]}],"webviewParameter":{"titleNView":{"titleText":"\u770b\u76f8\u4f3c"}}},{"webviewId":"pages\/myjd\/allorders","matchUrls":[{"pathname":["^\\\/newAllOrders\\\/newAllOrders\\.action$"]}],"webviewParameter":{"titleNView":{"titleText":"\u6211\u7684\u8ba2\u5355"},"appendCss":".order-down-info,#m_common_header,.m_header,#m_header{display:none!important}"}},{"webviewId":"wareHistory","matchUrls":[{"pathname":["^\\\/myJd\\\/history\\\/wareHistory\\.action$"]}],"webviewParameter":{"titleNView":{"titleText":"\u6d4f\u89c8\u8bb0\u5f55"}}},{"webviewId":"cancelledOrderList","matchUrls":[{"pathname":["^\\\/newAllOrders\\\/cancelledOrderList\\.action$"]}],"webviewParameter":{"titleNView":{"titleText":"\u5df2\u53d6\u6d88\u8ba2\u5355"}}},{"webviewId":"btmjdcom","matchUrls":[{"hostname":["^btm\\.jd\\.com$"],"pathname":["^\\\/$"]}],"easyConfig":{"back":{"before":[{"popupSelector":".quickpay-popup","closeSelector":".quickpay-popup-close"},{"popupSelector":".modal-group","closeSelector":".m-alert-close.alert-close-normal"}]}}},{"webviewId":"mindex","matchUrls":[{"hostname":["^ihelp\\.jd\\.com$"],"pathname":["^\\\/mindex\\.html$"]}]},{"webviewId":"plusindex","matchUrls":[{"hostname":["^plus\\.m\\.jd\\.com$","^vip\\.m\\.jd\\.com$"],"pathname":["^\\\/$","^\\\/index$"]}]},{"webviewId":"homepage","matchUrls":[{"pathname":["^\\\/homepage\\.html$"]}],"easyConfig":{"back":{"before":[{"popupSelector":"[result='giftDialog']","closeSelector":".dialog-gift .dialog-result-close"}]}}},{"webviewId":"jdhcpindex","matchUrls":[{"hostname":["^hotel\\.m\\.jd\\.com$","^train\\.m\\.jd\\.com$","^jipiao\\.m\\.jd\\.com$"],"pathname":["^\\\/$"]}]},{"webviewId":"preSells","matchUrls":[{"pathname":["^\\\/user\\\/preSells\\.action$"]}],"webviewParameter":{"titleNView":{"titleText":"\u6211\u7684\u9884\u7ea6"}}},{"webviewId":"jcodeList","matchUrls":[{"pathname":["^\\\/jcodeM\\\/jcodeList\\.action$"]}],"webviewParameter":{"titleNView":{"titleText":"\u6211\u7684\u5fc5\u8d2d\u7801"}}},{"webviewId":"repairList","matchUrls":[{"pathname":["^\\\/afs\\\/showApply$","^\\\/promise\\\/delivery$"]}]},{"webviewId":"pages\/myjd\/fxmyd","matchUrls":[{"pathname":["^\\\/afs\\\/orders$","^\\\/afs\\\/repairList$"]}],"webviewParameter":{"statusbar":{"background":"#efefef"},"titleNView":false,"appendCss":""}},{"webviewId":"helpindex","matchUrls":[{"pathname":["^\\\/help\\\/app\\\/index\\.html$"]}],"webviewParameter":{"titleNView":{"titleText":"\u552e\u540e\u5e2e\u52a9"}}},{"webviewId":"accountCenter","matchUrls":[{"pathname":["^\\\/user\\\/accountCenter\\.action$","^\\\/my\\\/accountv2\\.shtml$"]}],"webviewParameter":{"titleNView":{"titleText":"\u8d26\u6237\u7ba1\u7406"},"appendCss":".jd-footer-platforms,.jd-footer-copyright,#m_common_header,#openApp,.qq_footer{display:none!important}"}},{"webviewId":"txyyt","matchUrls":[{"hostname":["^vm\\.m\\.jd\\.com$"],"pathname":["^\\\/$"]}],"webviewParameter":{"titleNView":{"titleText":"\u4eac\u4e1c\u901a\u4fe1\u8fd0\u8425\u5385"}}},{"webviewId":"pages\/myjd\/modifyloginpassword","matchUrls":[{"pathname":["^\\\/modifyloginpassword\\\/selectAuthenticationPattern\\.action$"]}],"webviewParameter":{"titleNView":{"titleText":"\u4fee\u6539\u5bc6\u7801"}}},{"webviewId":"pages\/myjd\/modifyPasswordResult","matchUrls":[{"pathname":["^\\\/modifyloginpassword\\\/modifyPasswordResult\\.action$"]}],"webviewParameter":{"titleNView":{"titleText":"\u4fee\u6539\u767b\u5f55\u5bc6\u7801"}}},{"webviewId":"phonevalidation","matchUrls":[{"pathname":["^\\\/phonevalidation\\\/selectAuthenticationPattern\\.action$"]}],"webviewParameter":{"titleNView":{"titleText":"\u4fee\u6539\u7ed1\u5b9a\u624b\u673a"}}},{"webviewId":"pages\/myjd\/payPassword","matchUrls":[{"pathname":["^\\\/payPassword\\\/validateFindPayPassword\\.action$"]}],"webviewParameter":{"titleNView":{"titleText":"\u4fee\u6539\u652f\u4ed8\u5bc6\u7801"}}},{"webviewId":"toAuthInfoPage","matchUrls":[{"pathname":["^\\\/auth\\\/loginpage\\\/wcoo\\\/toAuthInfoPage$"]}],"webviewParameter":{"titleNView":{"titleText":"\u5b9e\u540d\u8ba4\u8bc1"}}},{"webviewId":"pages\/myjd\/getBindList","matchUrls":[{"pathname":["^\\\/card\\\/loginpage\\\/wcoo\\\/getBindList$"]}],"webviewParameter":{"titleNView":{"titleText":"\u6211\u7684\u94f6\u884c\u5361"}}},{"webviewId":"toAddNewCardPage","matchUrls":[{"pathname":["^\\\/card\\\/loginpage\\\/wcoo\\\/toAddNewCardPage$"]}],"webviewParameter":{"titleNView":{"titleText":"\u6dfb\u52a0\u94f6\u884c\u5361"}}},{"webviewId":"wcootoVeriPage","matchUrls":[{"pathname":["^\\\/verify\\\/loginpage\\\/wcoo\\\/toVeriPage$"]}]},{"webviewId":"vacationindex","matchUrls":[{"pathname":["^\\\/vacation\\\/index$"]}]},{"webviewId":"pages\/simple\/projectzc","matchUrls":[{"pathname":["^\\\/project\\\/details\\\/[0-9]+\\.html$"]}],"webviewParameter":{"appendCss":".share-box.show,.share_weixin.share-mask.show{display:none!important}"}},{"webviewId":"pages\/simple\/redoundList","matchUrls":[{"pathname":["^\\\/findProjectRedoundList\\.action$"]}],"webviewParameter":{"titleNView":{"titleText":"\u9009\u62e9\u6863\u4f4d"},"appendCss":".go_back,.block.stalls-head,.share-box.show,.share_weixin.share-mask.show{display:none!important}"}},{"webviewId":"pages\/simple\/supportproject","matchUrls":[{"pathname":["^\\\/funding\\\/support_project\\.action$","^\\\/funding\\\/mPaymentPage\\.action$"]}],"webviewParameter":{"appendCss":"#header,.go_back,.take_goods{display:none!important}"}},{"webviewId":"fundingmlist","matchUrls":[{"pathname":["^\\\/funding\\\/m_list_address\\.action$"]}],"webviewParameter":{"titleNView":{"titleText":"\u9009\u62e9\u6536\u8d27\u5730\u5740"},"appendCss":".go_back{display:none!important}"}},{"webviewId":"fundingloadaddress","matchUrls":[{"pathname":["^\\\/funding\\\/m_load_address\\.action$"]}],"webviewParameter":{"titleNView":{"titleText":"\u65b0\u5efa\u6536\u8d27\u4eba\u5730\u5740"},"appendCss":".go_back{display:none!important}"}},{"webviewId":"jdzb","matchUrls":[{"pathname":["^\\\/dev\\\/3iXxFu5h1aNX2M1nWpTANk5bj4Wy\\\/live-list\\.html$"]}],"webviewParameter":{"titleNView":{"titleText":"\u4eac\u4e1c\u76f4\u64ad"}}},{"webviewId":"fhlist","matchUrls":[{"search":[".*\\\/fh\\\/list\\.html\\?sub=4563.*"]}],"webviewParameter":{"titleNView":{"titleText":"\u4e1c\u6e38\u8bb0T\u6064"}}},{"webviewId":"appact","matchUrls":[{"pathname":["^\\\/app\\\/act\\\/.*\\.html$"]}]},{"webviewId":"huimaizhuanji","matchUrls":[{"pathname":["^\\\/active\\\/youpin\\\/list\\\/index\\.html$"]}]},{"webviewId":"xinpinshoufa","matchUrls":[{"hostname":["^news\\.m\\.jd\\.com$"],"pathname":["^\\\/$"]}]},{"webviewId":"jingdongjingxuan","matchUrls":[{"hostname":["^xuan\\.jd\\.com$"],"pathname":["^\\\/home\\.html$"]}]},{"webviewId":"jingdongpaimai","matchUrls":[{"hostname":["^mauction\\.jd\\.com$"],"pathname":["^\\\/home\\.html$"]}]},{"webviewId":"newWarePicShow","matchUrls":[{"pathname":["^\\\/ware\\\/newWarePicShow\\.action$"]}],"webviewParameter":{"statusbar":{"background":""},"titleNView":false}},{"webviewId":"dealcancle","matchUrls":[{"pathname":["^\\\/refund\\\/dealcancle\\.shtml$"]}],"webviewParameter":{"titleNView":{"titleText":"\u53d6\u6d88\u539f\u56e0"}}},{"webviewId":"pages\/myjd\/n_detail_v2","matchUrls":[{"pathname":["^\\\/order\\\/n_detail_v2\\.shtml$"]}],"webviewParameter":{"titleNView":{"titleText":"\u8ba2\u5355\u8be6\u60c5"},"appendCss":"#m_header{display:none!important}"}},{"webviewId":"showvote","matchUrls":[{"pathname":["^\\\/showvote\\.html$"]}],"webviewParameter":{"titleNView":{"titleText":"\u610f\u89c1\u53cd\u9988"}}},{"webviewId":"pages\/login\/mfindpwd","matchUrls":[{"pathname":["^\\\/cgi-bin\\\/m\\\/mfindpwd$"]}],"webviewParameter":{"titleNView":{"titleText":"\u5fd8\u8bb0\u5bc6\u7801"}}},{"webviewId":"replyList","matchUrls":[{"pathname":["\\\/replyList\\\/.*\\.html"]}],"webviewParameter":{"titleNView":{"titleText":"\u7528\u6237\u8bc4\u4ef7"}}},{"webviewId":"common","matchUrls":[{"pathname":[".*"]}]}],"version":"8fb9527d123aca30c19edb765e3b9cee"}