{"global":{"webviewParameter":{"lockOrientation":"portrait-primary","kernel":"WKWebview","scalable":true,"titleNView":{"autoBackButton":true,"backgroundColor":"#2dbb55","titleColor":"#fff","titleSize":"17px"},"appendCss":"#home,#mainPage,.component-cities .content{padding-top:0!important;} .products.sticky .tabs,.products .sticky{top:0!important;} .products.sticky .sub-tabs{top:45px!important;} .m_header_navi_pop{top:0!important;} .wrapper{padding-top:0!important;} #allmap{height:620px} \u3002.J_header-back,.trc-navbar-transparent,#footerID,.new-user-coupon-pop,#J_appDownloadRenderBox,#J_header,.header-box,#affirm2,.yo-loading.yo-overlay,#mobilePc,.m-download,#init_loading,.loading,#car-page-ld,.my-footer,.bar-download,.qn_hijack.downloadApp,#j_login_bar,#thdLogin,#appUpbox,#QNT_box,.qn_center.qn_soft,.ad,.copyright,.ope.pc_module,.ope,.right.home,.hotel-index-bottom-ad,.qn_footer,.mpw-download,.QNT_download_touch,.footer_nav,.mobile_pc,.copyright,.js-bnblist-download,#jq-appendDIV,.mp-download-inner,.mp-download,.qn_download,.e_banner_bg,.e_banner,.b_banner,.qn_downloadGuide,.qt-footer,.name-care,.app-download-box-hook-type-3,.icon-title-back{display:none !important}"},"easyConfig":{"back":{"selector":".yo-ico.forward,.m-header-back,.cm-header-icon.fl.js_back,.item.nav_back,.car-index-back,.back_home,.recede,.arrow.arrow_left,.icon.i-arrow_left.back,.mp-header-back,.icon.previous.page-back.qt-white","before":[{".overlay-tip":".close-overlay-tip"}]}}},"pages":[{"webviewId":"__W2A__H56B3FED7","matchUrls":[{"pathname":["^\\\/h5\\\/((?!cantuan|local))[a-z]{1,7}\\\/?$"]},{"pathname":["^\\\/?$"]},{"pathname":["^\\\/index\\.html$"]},{"pathname":["^\\\/((?!flight|hotel|wechat|coach|bus|train))[a-z]{1,7}\\\/?$"]}],"webviewParameter":{"scalable":false,"titleNView":false,"appendCss":".app-download-satnav,.footer-image-section li:nth-child(3),.footer-image-section li:nth-child(4),.footer-text-section,.footer-user-info,.footer-icp,#J_appDownloadRenderBox{display:none!important}"}},{"webviewId":"pages\/login\/login","matchUrls":[{"pathname":["^\\\/user\\\/login$"]},{"pathname":["^\\\/login\\\/mapp\\\/login$"]},{"pathname":["^\\\/login\\\/mapp$"]},{"pathname":["^\\\/u\\\/login$"]}],"webviewParameter":{"titleNView":false,"appendCss":"footer{display:none!important;}"}},{"webviewId":"pages\/login\/logincheck_hashead","matchUrls":[{"pathname":["^\\\/\\w*\\\/user\\\/userCenter",".*\\\/user\\\/doLogout.*","^\\\/user\\\/userCenterIndex$"]}],"webviewParameter":{"titleNView":{"titleText":"\u4f1a\u5458\u4e2d\u5fc3"},"appendCss":"#J_header{display:none!important;}"}},{"webviewId":"lvyou","matchUrls":[{"pathname":["^\\\/h5\\\/travel\\\/[a-z]{1,7}\\\/?$"]}],"webviewParameter":{"titleNView":{"titleText":"\u65c5\u6e38"}},"easyConfig":{"back":{"before":[{"#J_header":"#J_header-search .search_cancel"}]}}},{"webviewId":"pages\/tours\/lvyou_detail","matchUrls":[{"pathname":["^\\\/h5\\\/tours\\\/[0-9]{1,}\\\/?$"]},{"pathname":["^\\\/[a-z]{1,}\\\/[a-z]{1}\\_[0-9]{1,}\\\/?$"]},{"pathname":["^\\\/h5\\\/(package|custom)\\\/[0-9]+$"]},{"pathname":["^\\\/h5\\\/cashierSafeprotectSms\\.htm$"]},{"pathname":["^\\\/h5\\\/package\\\/[0-9]+$"]},{"pathname":["^\\\/h5\\\/cashierSafeprotectSms\\.htm$"]},{"pathname":["^\\\/tours\\\/[0-9]+"]}],"webviewParameter":{"titleNView":{"titleText":"\u65c5\u6e38\u8be6\u60c5","buttons":[{"float":"right","text":"\ue602","fontSize":"22px","fontSrc":"_www\/__wap2app.ttf","onclick":"javascript: plus.webview.getWebviewById('pages\/tours\/lvyou_detail').evalJS('wap2app && wap2app.openShare()')"}]},"appendCss":"#J_appDownloadRenderBox,.icon-tuniu.icon-title-back,.sub-header,#J_header,.icon-title-back{display:none!important;} .sticky ul,.journey-detail-box > .sticky{top: 0px!important;}.page-back,#J_appDownloadRenderBox,#J_header,.back.icon-title-back,.history-operation > a,.history-operation .opacity-title,.full-loading{display:none!important}"},"easyConfig":{"back":{"history":false,"before":[{"#J_header":"#J_header-search .search_cancel",".modal.modal-in":".panel-heading button",".float-dialog.float-dialog-show":".float-dialog.float-dialog-show .J_FloatDialogClose"}]},"overrideResourceRequest":[{"match":".*\\\/analysisCollect\\\/dataCollect\\.gif.*","redirect":"_www\/img\/point.png"},{"match":".*\\\/analysisCollect\\\/dataCollectHeader\\.gif.*","redirect":"_www\/img\/point.png"}]}},{"webviewId":"index_classify","matchUrls":[{"pathname":[".*\\\/h5\\\/(local|cantuan).*","^\\\/[a-z]{1,7}\\\/(around|tours|drive|visa)\\\/?$","^\\\/h5\\\/(abroad|domestic|around|custompackage)\\\/[a-z]{1,7}\\\/?$"]}],"webviewParameter":{"titleNView":{}},"easyConfig":{"back":{"before":[{"#J_header":"#J_header-search .search_cancel"}]}}},{"webviewId":"index_classify_second","matchUrls":[{"pathname":["^\\\/h5\\\/search\\\/index$"]}],"webviewParameter":{"titleNView":{}},"easyConfig":{"back":{"before":[{"popupSelector":".filter-bar-back.active","selector":".filter-cancel","eventType":"tap"}]}}},{"webviewId":"index_youlun","matchUrls":[{"pathname":["^\\\/[a-z]{1,7}\\\/youlun\\\/?$"]}],"webviewParameter":{"titleNView":{"titleText":"\u90ae\u8f6e\u6e38"},"appendCss":"#channelHeader{display:none!important}#content{padding-top:0px!important;}"}},{"webviewId":"hspl","matchUrls":[{"pathname":["^\\\/h5\\\/hp\\\/[a-z]{1,7}\\\/?$"]}],"webviewParameter":{"titleNView":{"titleText":"\u5a5a\u7eb1\u65c5\u62cd"}}},{"webviewId":"shoufuchuf","matchUrls":[{"pathname":["^\\\/mzt\\\/shoufuchuf\\\/$"]}],"webviewParameter":{"titleNView":{"titleText":"\u9996\u4ed8\u51fa\u53d1"}}},{"webviewId":"globalindex","matchUrls":[{"pathname":["\\\/h5\\\/global\\\/index\\\/[0-9]+"]}],"webviewParameter":{"titleNView":{"titleText":"\u76ee\u7684\u5730\u5927\u5168"}}},{"webviewId":"onedaytour","matchUrls":[{"pathname":["^\\\/h5\\\/onedaytour\\\/[a-z]{1,7}\\\/?$"]}],"webviewParameter":{"titleNView":{"titleText":"\u4e00\u65e5\u6e38"},"appendCss":"#J_appDownloadRenderBox,#J_header,#footerID{display:none!important}.products .tabs{top: 0px!important;}"}},{"webviewId":"yanxuan","matchUrls":[{"pathname":["^\\\/mzt\\\/yanxuan\\\/$"]}],"webviewParameter":{"titleNView":{"titleText":"\u4e25\u9009\u5546\u57ce"},"appendCss":"#header{display:none!important}#wrapper{top:0px!important}"}},{"webviewId":"categories","matchUrls":[{"pathname":["^\\\/h5\\\/categories\\\/[a-z]{1,7}\\\/?$"]}],"webviewParameter":{"titleNView":{"titleText":"\u5168\u90e8\u54c1\u7c7b"}}},{"webviewId":"bankactivity","matchUrls":[{"pathname":["^\\\/h5\\\/bankactivity\\\/$"]}],"webviewParameter":{"titleNView":{"titleText":"\u94f6\u884c\u7279\u60e0\u4e13\u533a"}}},{"webviewId":"happyparents","matchUrls":[{"pathname":["^\\\/h5\\\/happyparents\\\/[a-z]{1,7}\\\/?$"]}],"webviewParameter":{"titleNView":{"titleText":"\u4e50\u5f00\u82b1\u7238\u5988\u6e38"}}},{"webviewId":"customtour","matchUrls":[{"pathname":["^\\\/h5\\\/customtour\\\/[a-z]{1,7}\\\/?$"]}],"webviewParameter":{"titleNView":{"titleText":"\u670b\u6d3e\u5b9a\u5236\u6e38"}}},{"webviewId":"star","matchUrls":[{"pathname":["^\\\/h5\\\/star\\\/[a-z]{1,7}\\\/?$"]}],"webviewParameter":{"titleNView":{"titleText":"\u660e\u661f\u63a8\u8350"}}},{"webviewId":"communitycompany","matchUrls":[{"pathname":["^\\\/community\\\/company$"]}],"webviewParameter":{"titleNView":{"titleText":"\u7ed3\u4f34\u540c\u6e38"},"appendCss":".products.fixed .fix-box{top:0px!important}#header{display:none!important}"}},{"webviewId":"community","matchUrls":[{"pathname":["^\\\/community$"]}],"webviewParameter":{"titleNView":{"titleText":"\u793e\u533a\u9996\u9875"}}},{"webviewId":"go","matchUrls":[{"pathname":["^\\\/go\\\/?$"]}],"webviewParameter":{"titleNView":{"titleText":"\u653b\u7565\u9996\u9875"}}},{"webviewId":"pages\/user\/userInfo","matchUrls":[{"pathname":["^\\\/user\\\/userInfo$"]}],"webviewParameter":{"titleNView":{}}},{"webviewId":"centerlist","matchUrls":[{"pathname":["^\\\/m2015\\\/user\\\/inviteOld$","^\\\/m2015\\\/user\\\/invite$","^\\\/\\w*\\\/user\\\/submenu"]}],"webviewParameter":{"titleNView":{},"appendCss":".wrapper{padding-top: 0px!important;}#header{display:none!important}.tabs-area .tabs-group{top: 0px!important;}"},"easyConfig":{"back":{"before":[{".popBox.helpBox.show":".popBox.helpBox.show .close","#orderMask":""}]}}},{"webviewId":"visitorDetail","matchUrls":[{"pathname":["^\\\/m2015\\\/user\\\/visitorDetail$","^\\\/m2015\\\/mall\\\/address\\\/addressDetail$","^\\\/m2015\\\/member\\\/invoice\\\/detail$"]}],"easyConfig":{"back":{"reload":true}}},{"webviewId":"centerlist_nohead","matchUrls":[{"pathname":["^\\\/\\w.*\\\/user\\\/growth"]}],"easyConfig":{"back":{"reload":true}}},{"webviewId":"centerlist_new","matchUrls":[{"pathname":["^\\\/[A-Za-z0-9_]{1,}\\\/user\\\/clubv2","^\\\/[A-Za-z0-9_]{1,}\\\/community","^\\\/giftCard\\\/$"]}],"webviewParameter":{"titleNView":{"titleText":"\u4f1a\u5458\u4ff1\u4e50\u90e8"}},"easyConfig":{"back":{"before":[{"#popMask":"#popMask"}]}}},{"webviewId":"shoppinglist","matchUrls":[{"pathname":["^\\\/[A-Za-z0-9_]{1,}\\\/member\\\/remark\\\/list","^\\\/m2015\\\/mall\\\/index\\\/list$","^\\\/history$"]}]},{"webviewId":"postList","matchUrls":[{"pathname":["^\\\/m2015\\\/companion\\\/post\\\/postList$"]}]},{"webviewId":"post_new_destId","matchUrls":[{"pathname":["^\\\/m2015\\\/companion\\\/post\\\/new\\\/destId$"]}]},{"webviewId":"post_new_destId","matchUrls":[{"pathname":["^\\\/m2015\\\/companion\\\/post\\\/new\\\/destId$"]}]},{"webviewId":"postnews","matchUrls":[{"pathname":["^\\\/m2015\\\/companion\\\/post\\\/city\\\/destId$","^\\\/m2015\\\/companion\\\/post\\\/time\\\/destId$","^\\\/m2015\\\/companion\\\/post\\\/wantTo\\\/destId$"]}],"easyConfig":{"back":{"reload":true}}},{"webviewId":"credit","matchUrls":[{"pathname":["^\\\/[A-Za-z0-9_]{1,}\\\/flight_tour","^\\\/event\\\/newCms\\\/index\\\/name\\\/tuniure2_sanya$"]}]},{"webviewId":"citychoice","matchUrls":[{"pathname":["^\\\/m2015\\\/city\\\/city\\\/index$","^\\\/html\\\/member\\\/help\\\/credit\\.html$","^\\\/m2015\\\/mall\\\/index\\\/detail$"]}],"webviewParameter":{"titleNView":{"titleText":"\u9009\u62e9\u57ce\u5e02"}}},{"webviewId":"usersignV4","matchUrls":[{"pathname":["^\\\/m2015\\\/user\\\/signV4$"]}]},{"webviewId":"visalist","matchUrls":[{"pathname":[".*\\\/visa\\\/country\\_.*",".*tuniu\\.com\\\/car\\\/.*"]}],"webviewParameter":{"titleNView":{"titleText":"\u4f1a\u5458\u4ff1\u4e50\u90e8"}}},{"webviewId":"visadetail_sub","matchUrls":[{"pathname":["visa\\\/visa_[0-9]{1,}\\\/discountInfo","^\\\/[A-Za-z0-9_]{1,}\\\/visa\\\/channel\\\/AllRemarks","visa\\\/visa_[0-9]{1,}\\\/recall\\\/[0-9]{1,}","visa\\\/visa_[0-9]{1,}\\\/notice","^\\\/m2015\\\/visa\\\/channel\\\/questions$"]}]},{"webviewId":"visadetail","matchUrls":[{"pathname":["^\\\/visa\\\/visa_[0-9]+\\\/$"]}]},{"webviewId":"visa_order","matchUrls":[{"pathname":["^\\\/m2015\\\/visa\\\/book\\\/calendar$","^\\\/m2015\\\/visa\\\/book\\\/resource$"]}]},{"webviewId":"packagecomment","matchUrls":[{"pathname":["^\\\/tours\\\/[0-9]+\\\/\\w*$",".*\\\/book\\\/groupTourBook\\\/visaMaterialList.*"]}]},{"webviewId":"userconsultantv3","matchUrls":[{"pathname":["^\\\/m2015\\\/user\\\/userconsultantv3$"]}]},{"webviewId":"home_header","matchUrls":[{"pathname":["^\\\/h5\\\/global\\\/index$","^\\\/\\w*\\\/channel\\\/index"]}],"webviewParameter":{"hardwareAccelerated":false}},{"webviewId":"pages\/hotel\/home_header_hotel","matchUrls":[{"pathname":["^\\\/hotel$"]}],"webviewParameter":{"replacewebapi":{"geolocation":"alldevice"},"titleNView":{"titleText":"\u9152\u5e97"}}},{"webviewId":"pages\/hotel\/home_header_globalHotel","matchUrls":[{"pathname":["^\\\/globalHotel$"]}],"webviewParameter":{"replacewebapi":{"geolocation":"alldevice"},"titleNView":{"titleText":"\u56fd\u9645\u9152\u5e97"},"appendCss":"#J_header,#dstBack,#J_appDownloadRenderBox{display:none!important;}"}},{"webviewId":"mpChannel","matchUrls":[{"pathname":["^\\\/\\\/[A-Za-z0-9_]+\\\/mpChannel\\\/index"]}],"easyConfig":{"back":{"history":false}}},{"webviewId":"mpChannel","matchUrls":[{"pathname":["^\\\/m2015\\\/mpChannel\\\/search$","^\\\/m2015\\\/localservice\\\/list\\\/nearby\\\/position$"]}],"easyConfig":{"back":{"history":false}}},{"webviewId":"coach","matchUrls":[{"pathname":["^\\\/coach$","^\\\/expressbus$","^\\\/[a-zA-Z0-9_]+\\\/mpChannel\\\/index"]}],"webviewParameter":{},"easyConfig":{"back":{"history":false}}},{"webviewId":"home_body","matchUrls":[{"pathname":[".*\\\/abroad\\\/(island|seasian).*",".*\\\/h5\\\/seasonhot.*"]}],"webviewParameter":{"appendCss":"#mainPage {padding-top:0!important;}"}},{"webviewId":"pages\/page\/find_wonderful","matchUrls":[{"pathname":[".*\\\/community\\\/trips.*","^\\\/local\\\/[a-z]+\\\/$"]}],"webviewParameter":{"titleNView":{"titleText":"\u7cbe\u5f69\u6e38\u8bb0"},"appendCss":".wrapper{padding-top:0px!important}.add-fix.fixed .scroll{top: 0px!important;}#header{display:none!important}"}},{"webviewId":"find_wonderful_detail_pl","matchUrls":[{"pathname":[".*inm\\\/productList.*","trips\\\/[0-9_]+\\\/tripComment",".*\\\/productList\\\/.*","community\\\/(content|interest)\\\/[0-9_]+",".*\\\/community\\\/content\\\/nedit.*"]}],"easyConfig":{"back":{"before":[{".wrapper":".lantern-close"}]}}},{"webviewId":"find_wonderful_detail","matchUrls":[{"pathname":["trips\\\/[0-9]+$"]}]},{"webviewId":"pages\/tours\/tours_hot_list","matchUrls":[{"pathname":["^\\\/[a-zA-Z0-9_]+\\\/search\\\/list"]}],"easyConfig":{"back":{"before":[{"#dropMask":"","eventType":"click"},{".filter-bar-back":"","eventType":"tap"}]}}},{"webviewId":"temailist","matchUrls":[{"pathname":["^\\\/temai\\\/list$","^\\\/event\\\/couponCenter\\\/mainCenter\\\/index$","^\\\/event\\\/couponCenter\\\/mainCenter\\\/index$"]}],"easyConfig":{"back":{"before":[{"#resultPopup":"#resultPopup .popup-close"}]}}},{"webviewId":"chooseFlight","matchUrls":[{"pathname":["^\\\/olb\\\/order\\\/diy\\\/chooseFlight$","^\\\/olb\\\/order\\\/diy\\\/chooseHotel$","^\\\/olb\\\/order\\\/diy\\\/ownExpense$"]}]},{"webviewId":"changePackageFlight","matchUrls":[{"pathname":["^\\\/\\w*\\\/book\\\/groupTourBook\\\/changePackageFlight","^\\\/travelGuide\\\/partner\\\/partnerDetail\\\/messageId$"]}]},{"webviewId":"pages\/flight\/flight","matchUrls":[{"pathname":["^\\\/flight\\\/index$","^\\\/flight$","^\\\/m2015\\\/flight\\\/index$"]}],"webviewParameter":{"showWaiting":false,"scrollIndicator":"none","titleNView":{"autoBackButton":"true","titleText":"\u673a\u7968","backgroundColor":"#2dbb55","titleColor":"#fff","titleSize":"17px","borderColor":"#2dbb55"},"appendCss":".search-suggest{margin-top:10px!important;} .m_header.sticky_head,.header-back,.adWordDiv{display:none!important;}"}},{"webviewId":"pages\/flight\/flightListGo","matchUrls":[{"pathname":["^\\\/m2015\\\/flight\\\/flightList$","^\\\/flight\\\/domestic\\\/list\\\/.*"],"search":[".*isGo=0.*"]}],"webviewParameter":{"scrollIndicator":"none","titleNView":{"autoBackButton":"true","titleText":"\u673a\u7968\u5217\u8868","backgroundColor":"#2dbb55","titleColor":"#fff","titleSize":"17px","borderColor":"#2dbb55"},"appendCss":".act-header,.icon-title-back{display:none!important} #J_commonHeader,.header-box{position: fixed !important;width: 100%;top: 0;}#J_commonHeader .header.header-box .header-back{width:100%}#calendarBar{position: fixed;top: 1.16rem;} .list-empty{padding-top:2.50666rem!important;}","appendJs":"_www\/js\/zhida.js"},"easyConfig":{"back":{"selector":".header-back","history":true,"before":[{".popUpContainer":".popUpContainer .close-btn"}]}}},{"webviewId":"pages\/page\/intflight","matchUrls":[{"pathname":["^\\\/m2015\\\/intlFlight\\\/flight\\\/flightList$","^\\\/m2015\\\/intlFlight\\\/flight\\\/list$"],"search":[".*route=.*&&isGo=0.*"]}],"webviewParameter":{"scrollIndicator":"none","titleNView":false,"appendCss":".act-header{display:none!important} #J_commonHeader,.header-box{position: fixed !important;width: 100%;top: 0;}#J_commonHeader .header.header-box .header-back{width:100%}#calendarBar{position: fixed;top: 1.17rem;}"},"easyConfig":{"back":{"selector":".header-back","history":false}}},{"webviewId":"pages\/page\/flightListBack","matchUrls":[{"pathname":["^\\\/m2015\\\/flight\\\/flightList$","^\\\/flight\\\/domestic\\\/list\\\/.*"],"search":[".*isGo=1.*"]}],"webviewParameter":{"subNViews":"pages\/flight\/flightList.nview","scrollIndicator":"none","titleNView":false,"appendCss":"#J_flightList header{position:fixed!important;top:0;width:100%;} #calendarBar{position: fixed;top: 1.17333rem;width:100%;} .round-tripr-go{position:fixed!important;top:2.506666rem;width:100%;} .mainContainer{position:relative;top:4.26666rem;width:100%;}"},"easyConfig":{"back":{"selector":".header-back","history":false}}},{"webviewId":"pages\/page\/flightListDetail","matchUrls":[{"pathname":["^\\\/m2015\\\/flight\\\/flightOrderMain$","^\\\/m2015\\\/intlFlight\\\/flight\\\/flightDetails$","^flight\\\/domestic\\\/orderMain\\\/$"]}],"webviewParameter":{"subNViews":"pages\/flight\/filghtDetail.nview.nview","scrollIndicator":"none","titleNView":false,"appendCss":"#J_flightList header{position:fixed!important;top:0;width:100%;} #calendarBar{position: fixed;top: 1.17333rem;width:100%;} .round-tripr-go{position:fixed!important;top:2.506666rem;width:100%;} .mainContainer{position:relative;top:4.26666rem;width:100%;}"},"easyConfig":{"back":{"selector":".header-back","history":false}}},{"webviewId":"pages\/page\/fillOrder","matchUrls":[{"pathname":["^\\\/m2015\\\/intlFlight\\\/flight\\\/fillOrder$"]}],"webviewParameter":{"subNViews":"pages\/page\/commonHead.nview","scrollIndicator":"none","titleNView":false,"appendCss":".adDomList{height: 0px;visibility: hidden;}a[href='http:\/\/m.tuniu.com\/'],.repairAd,#JrepairAd,.go_to_home,.J_header-navi-trigger{display:none} .wrapper{background:#fff!important} .proLevelItem{margin-bottom:0!important} .proLevelItem:after{display:block;content:'';height:10px;background:#f3f2f5;}"},"easyConfig":{"back":{"selector":".header-back","history":false}}},{"webviewId":"pages\/flight\/touristList","matchUrls":[{"pathname":["^\\\/m2015\\\/intlFlight\\\/flight\\\/touristList$"]}],"webviewParameter":{"subNViews":"pages\/page\/commonHead.nview","scrollIndicator":"none","titleNView":false,"appendCss":".adDomList{height: 0px;visibility: hidden;}a[href='http:\/\/m.tuniu.com\/'],.repairAd,#JrepairAd,.go_to_home,.J_header-navi-trigger{display:none} .wrapper{background:#fff!important} .proLevelItem{margin-bottom:0!important} .proLevelItem:after{display:block;content:'';height:10px;background:#f3f2f5;}"}},{"webviewId":"pages\/flight\/specialOfferList","matchUrls":[{"pathname":["^\\\/m2015\\\/flight\\\/specialOfferList$","^\\\/m2015\\\/intlFlight\\\/flight\\\/GTAList$"]}],"webviewParameter":{"popGesture":"none","titleNView":false,"appendCss":".adDomList{height: 0px;visibility: hidden;}a[href='http:\/\/m.tuniu.com\/'],.repairAd,#JrepairAd,.go_to_home,.J_header-navi-trigger{display:none} .wrapper{background:#fff!important} .proLevelItem{margin-bottom:0!important} .proLevelItem:after{display:block;content:'';height:10px;background:#f3f2f5;}"}},{"webviewId":"addOrder","matchUrls":[{"pathname":["^\\\/m2015\\\/flight\\\/addOrder$","^\\\/m2015\\\/flight\\\/passIndex$","^\\\/m2015\\\/flight\\\/passEdit$"]}],"webviewParameter":{},"easyConfig":{"back":{"selector":".header-back","history":true}}},{"webviewId":"pages\/order\/orderDetail","matchUrls":[{"pathname":["^\\\/u[\\\/gt]{0,}\\\/order\\\/[0-9]+","\\\/flight\\\/orderDetail\\\/orderId\\\/.*","\\\/m2015\\\/myorders\\\/ticket\\\/ticketinfo.*","^\\\/m2015\\\/flight\\\/insuranceClaimRules$"]}],"webviewParameter":{"titleNView":{"titleText":"\u8ba2\u5355\u8be6\u60c5"},"appendCss":".header-box,.head_box .page_head .top,.configable-detail-local{display:none!important;} .flight_order_fill_in{z-index:10;} .header-back,.header-back i{z-index:99!important;} .wrapper{padding-top:0!important;}"},"easyConfig":{"back":{"selector":".header-back","history":true}}},{"webviewId":"pages\/order\/order","matchUrls":[{"pathname":["^\\\/u\/order.*","^\\\/m2015\\\/member\\\/order\\\/indexV2Virtural$"]}],"webviewParameter":{"titleNView":{"titleText":"\u8ba2\u5355\u8be6\u60c5"},"appendCss":".no-order-bottom{display:none!important;}"},"easyConfig":{"back":{"selector":".header-back","history":true}}},{"webviewId":"pages\/order\/order_success","matchUrls":[{"pathname":["^\\\/order\\\/orderSuccess$"]}],"webviewParameter":{"appendCss":".header-box{display:none!important;}"}},{"webviewId":"pages\/order\/selectPayMethod","matchUrls":[{"pathname":["^\\\/userPay\\\/selectPayMethod$","^\\\/userPay\\\/switchPayDesk$"]}],"webviewParameter":{"appendCss":"#topHeader,.am-header{display:none!important;}"}},{"webviewId":"pages\/order\/pay","matchUrls":[{"pathname":["\\\/cashier.*"]}],"webviewParameter":{"appendCss":"#topHeader,.am-header{display:none!important;}"}},{"webviewId":"pages\/train\/train","matchUrls":[{"pathname":["^\\\/train$"]}],"webviewParameter":{"titleNView":{"titleText":"\u706b\u8f66\u7968"},"appendCss":".content,#home{padding-top:0!important;} .component-title.header-box{display:none!important;}"}},{"webviewId":"train_second","matchUrls":[{"pathname":["^\\\/m2015\\\/pick\\\/index\\\/exit$"]}],"webviewParameter":{}},{"webviewId":"pages\/hotel\/hotelList","matchUrls":[{"pathname":["^\\\/hotel\\\/hotel\\\/taList$","^\\\/hotel\\\/list\\\/.*"]}],"webviewParameter":{"appendCss":".wrapper{padding-top:0!important;} #hotelAreaSelect{top:0!important;} #hotelListBox{margin-top:30px;} .main{margin-top:85px;} .header-back{display:none!important;}"}},{"webviewId":"pages\/hotel\/hotelDetail","matchUrls":[{"pathname":["^\\\/hotel\\\/hotel\\\/detail$","\\\/hotel\\\/detail\\\/.*"]}]},{"webviewId":"pages\/hotel\/hotelOrderDetail","matchUrls":[{"pathname":["^\\\/hotel\\\/orderDetail$"]}],"webviewParameter":{"titleNView":{"titleText":"\u8ba2\u5355\u8be6\u60c5"}}},{"webviewId":"pages\/page\/main_enter","matchUrls":[{"pathname":["^\\\/msite\\\/m$"]}],"webviewParameter":{"titleNView":{"titleText":"\u91d1\u878d\u00b7\u7406\u8d22"}}},{"webviewId":"wechat","matchUrls":[{"pathname":["^\\\/wechat$"]}],"webviewParameter":{}}],"version":"d6c23290a424de75a7a5b578a1182b6e"}